cargo:warning=rustc +succinct --version: "rustc 1.93.0-dev\n"
[sp1]  warning: patch `tempo-consensus v1.13.2 (/Users/hiroyusai/src/sworn/spikes/zone-spf/tempo/crates/consensus)` was not used in the crate graph
[sp1]  warning: patch `tempo-node v1.13.2 (/Users/hiroyusai/src/sworn/spikes/zone-spf/tempo/crates/node)` was not used in the crate graph
[sp1]  warning: patch `tempo-transaction-pool v1.13.2 (/Users/hiroyusai/src/sworn/spikes/zone-spf/tempo/crates/transaction-pool)` was not used in the crate graph
[sp1]  help: Check that the patched package version and available features are compatible
[sp1]        with the dependency requirements. If the patch has a different version from
[sp1]        what is locked in the Cargo.lock file, run `cargo update` to use the new
[sp1]        version. This may also occur with an optional dependency that is not enabled.
[sp1]     Compiling proc-macro2 v1.0.106
[sp1]     Compiling unicode-ident v1.0.24
[sp1]     Compiling quote v1.0.46
[sp1]     Compiling cfg-if v1.0.4
[sp1]     Compiling serde_core v1.0.228
[sp1]     Compiling serde v1.0.228
[sp1]     Compiling libc v0.2.186
[sp1]     Compiling portable-atomic v1.13.1
[sp1]     Compiling critical-section v1.2.0
[sp1]     Compiling subtle v2.6.1
[sp1]     Compiling shlex v2.0.1
[sp1]     Compiling find-msvc-tools v0.1.9
[sp1]     Compiling autocfg v1.5.1
[sp1]     Compiling typenum v1.20.1
[sp1]     Compiling getrandom v0.2.17
[sp1]     Compiling version_check v0.9.5
[sp1]     Compiling zerocopy v0.8.54
[sp1]     Compiling pin-project-lite v0.2.17
[sp1]     Compiling rand_core v0.6.4
[sp1]     Compiling generic-array v0.14.7
[sp1]     Compiling itoa v1.0.18
[sp1]     Compiling const-oid v0.9.6
[sp1]     Compiling equivalent v1.0.2
[sp1]     Compiling log v0.4.33
[sp1]     Compiling allocator-api2 v0.2.21
[sp1]     Compiling foldhash v0.2.0
[sp1]     Compiling rand_core v0.10.1
[sp1]     Compiling getrandom v0.3.4
[sp1]     Compiling getrandom v0.4.3
[sp1]     Compiling memchr v2.8.3
[sp1]     Compiling thiserror v2.0.18
[sp1]     Compiling num-traits v0.2.19
[sp1]     Compiling cmov v0.5.4
[sp1]     Compiling syn v2.0.119
[sp1]     Compiling ctutils v0.4.2
[sp1]     Compiling jobserver v0.1.35
[sp1]     Compiling const-oid v0.10.2
[sp1]     Compiling paste v1.0.15
[sp1]     Compiling cc v1.2.67
[sp1]     Compiling num-bigint v0.3.3
[sp1]     Compiling once_cell v1.21.4
[sp1]     Compiling radium v0.7.0
[sp1]     Compiling tracing-core v0.1.36
[sp1]     Compiling byteorder v1.5.0
[sp1]     Compiling syn v1.0.109
[sp1]     Compiling hashbrown v0.17.1
[sp1]     Compiling tap v1.0.1
[sp1]     Compiling funty v2.0.0
[sp1]     Compiling wyz v0.5.1
[sp1]     Compiling unicode-xid v0.2.6
[sp1]     Compiling zmij v1.0.23
[sp1]     Compiling const-hex v1.19.1
[sp1]     Compiling indexmap v2.14.0
[sp1]     Compiling unicode-segmentation v1.13.3
[sp1]     Compiling base16ct v0.2.0
[sp1]     Compiling ruint-macro v1.2.1
[sp1]     Compiling convert_case v0.10.0
[sp1]     Compiling num-integer v0.1.46
[sp1]     Compiling libm v0.2.16
[sp1]     Compiling scopeguard v1.2.0
[sp1]     Compiling serde_json v1.0.150
[sp1]     Compiling serde_derive v1.0.228
[sp1]     Compiling zeroize_derive v1.5.0
[sp1]     Compiling zerocopy-derive v0.8.54
[sp1]     Compiling tracing-attributes v0.1.31
[sp1]     Compiling thiserror-impl v2.0.18
[sp1]     Compiling derive_more-impl v2.1.1
[sp1]     Compiling alloy-rlp-derive v0.3.16
[sp1]     Compiling addchain v0.2.1
[sp1]     Compiling parking_lot_core v0.9.12
[sp1]     Compiling zeroize v1.9.0
[sp1]     Compiling tracing v0.1.44
[sp1]     Compiling secp256k1-sys v0.11.0
[sp1]     Compiling pkg-config v0.3.33
[sp1]     Compiling hybrid-array v0.4.13
[sp1]     Compiling der v0.7.10
[sp1]     Compiling crypto-common v0.1.7
[sp1]     Compiling block-buffer v0.10.4
[sp1]     Compiling crypto-bigint v0.5.5
[sp1]     Compiling digest v0.10.7
[sp1]     Compiling crypto-common v0.2.2
[sp1]     Compiling block-buffer v0.12.1
[sp1]     Compiling hmac v0.12.1
[sp1]     Compiling sha2 v0.10.9
[sp1]     Compiling signature v2.2.0
[sp1]     Compiling ff_derive v0.13.1
[sp1]     Compiling hkdf v0.12.4
[sp1]     Compiling rfc6979 v0.4.0
[sp1]     Compiling spki v0.7.3
[sp1]     Compiling digest v0.11.3
[sp1]     Compiling bytes v1.12.1
[sp1]     Compiling smallvec v1.15.2
[sp1]     Compiling rand_core v0.9.5
[sp1]     Compiling arrayvec v0.7.8
[sp1]     Compiling either v1.16.0
[sp1]     Compiling bitvec v1.1.1
[sp1]     Compiling serdect v0.2.0
[sp1]     Compiling pkcs8 v0.10.2
[sp1]     Compiling sec1 v0.7.3
[sp1]     Compiling lock_api v0.4.14
[sp1]     Compiling alloy-rlp v0.3.16
[sp1]     Compiling keccak v0.2.0
[sp1]     Compiling dunce v1.0.5
[sp1]     Compiling winnow v1.0.4
[sp1]     Compiling parking_lot v0.12.5
[sp1]     Compiling strsim v0.11.1
[sp1]     Compiling sha3 v0.11.0
[sp1]     Compiling ident_case v1.0.1
[sp1]     Compiling darling_core v0.23.0
[sp1]     Compiling tokio-macros v2.7.0
[sp1]     Compiling socket2 v0.6.5
[sp1]     Compiling heck v0.5.0
[sp1]     Compiling mio v1.2.2
[sp1]     Compiling derive_more v2.1.1
[sp1]  error[E0583]: file not found for module `sys`
[sp1]     --> /Users/hiroyusai/.cargo/registry/src/index.crates.io-1949cf8c6b5b557f/socket2-0.6.5/src/lib.rs:184:1
[sp1]      |
[sp1]  184 | mod sys;
[sp1]      | ^^^^^^^^
[sp1]      |
[sp1]      = help: to create the module `sys`, create file "/Users/hiroyusai/.cargo/registry/src/index.crates.io-1949cf8c6b5b557f/socket2-0.6.5/src/sys.rs" or "/Users/hiroyusai/.cargo/registry/src/index.crates.io-1949cf8c6b5b557f/socket2-0.6.5/src/sys/mod.rs"
[sp1]      = note: if there is a `mod sys` elsewhere in the crate already, import it with `use crate::...` instead
[sp1]  
[sp1]  error: Socket2 doesn't support the compile target
[sp1]     --> /Users/hiroyusai/.cargo/registry/src/index.crates.io-1949cf8c6b5b557f/socket2-0.6.5/src/lib.rs:187:1
[sp1]      |
[sp1]  187 | compile_error!("Socket2 doesn't support the compile target");
[sp1]      | ^^^^^^^^^^^^^^^^^^^^^^^^^^^^^^^^^^^^^^^^^^^^^^^^^^^^^^^^^^^^
[sp1]  
[sp1]  error[E0061]: this function takes 4 arguments but 3 arguments were supplied
[sp1]     --> /Users/hiroyusai/.cargo/registry/src/index.crates.io-1949cf8c6b5b557f/socket2-0.6.5/src/sockaddr.rs:297:33
[sp1]      |
[sp1]  297 |               Some(SocketAddr::V6(SocketAddrV6::new(
[sp1]      |  _________________________________^^^^^^^^^^^^^^^^^-
[sp1]  298 | |                 ip,
[sp1]  299 | |                 port,
[sp1]  300 | |                 addr.sin6_flowinfo,
[sp1]  ...   |
[sp1]  306 | |                 },
[sp1]  307 | |             )))
[sp1]      | |_____________- argument #4 of type `u32` is missing
[sp1]      |
[sp1]  note: associated function defined here
[sp1]     --> /Users/runner/work/rust/rust/rust/library/core/src/net/socket_addr.rs:426:17
[sp1]  help: provide the argument
[sp1]      |
[sp1]  297 ~             Some(SocketAddr::V6(SocketAddrV6::new(
[sp1]  298 +                 ip,
[sp1]  299 +                 port,
[sp1]  300 +                 addr.sin6_flowinfo,
[sp1]  301 +                 /* u32 */,
[sp1]  302 ~             )))
[sp1]      |
[sp1]  
[sp1]  error[E0308]: mismatched types
[sp1]      --> /Users/hiroyusai/.cargo/registry/src/index.crates.io-1949cf8c6b5b557f/socket2-0.6.5/src/socket.rs:2474:23
[sp1]       |
[sp1]  2474 | from!(net::TcpStream, Socket);
[sp1]       |                       ^^^^^^ expected `Socket`, found `()`
[sp1]       |
[sp1]      ::: /Users/hiroyusai/.cargo/registry/src/index.crates.io-1949cf8c6b5b557f/socket2-0.6.5/src/lib.rs:111:16
[sp1]       |
[sp1]   111 |             fn from(socket: $from) -> $for {
[sp1]       |                ---- implicitly returns `()` as its body has no tail or `return` expression
[sp1]  
[sp1]  error[E0308]: mismatched types
[sp1]      --> /Users/hiroyusai/.cargo/registry/src/index.crates.io-1949cf8c6b5b557f/socket2-0.6.5/src/socket.rs:2475:25
[sp1]       |
[sp1]  2475 | from!(net::TcpListener, Socket);
[sp1]       |                         ^^^^^^ expected `Socket`, found `()`
[sp1]       |
[sp1]      ::: /Users/hiroyusai/.cargo/registry/src/index.crates.io-1949cf8c6b5b557f/socket2-0.6.5/src/lib.rs:111:16
[sp1]       |
[sp1]   111 |             fn from(socket: $from) -> $for {
[sp1]       |                ---- implicitly returns `()` as its body has no tail or `return` expression
[sp1]  
[sp1]  error[E0308]: mismatched types
[sp1]      --> /Users/hiroyusai/.cargo/registry/src/index.crates.io-1949cf8c6b5b557f/socket2-0.6.5/src/socket.rs:2476:23
[sp1]       |
[sp1]  2476 | from!(net::UdpSocket, Socket);
[sp1]       |                       ^^^^^^ expected `Socket`, found `()`
[sp1]       |
[sp1]      ::: /Users/hiroyusai/.cargo/registry/src/index.crates.io-1949cf8c6b5b557f/socket2-0.6.5/src/lib.rs:111:16
[sp1]       |
[sp1]   111 |             fn from(socket: $from) -> $for {
[sp1]       |                ---- implicitly returns `()` as its body has no tail or `return` expression
[sp1]  
[sp1]  error[E0308]: mismatched types
[sp1]      --> /Users/hiroyusai/.cargo/registry/src/index.crates.io-1949cf8c6b5b557f/socket2-0.6.5/src/socket.rs:2477:15
[sp1]       |
[sp1]  2477 | from!(Socket, net::TcpStream);
[sp1]       |               ^^^^^^^^^^^^^^ expected `TcpStream`, found `()`
[sp1]       |
[sp1]      ::: /Users/hiroyusai/.cargo/registry/src/index.crates.io-1949cf8c6b5b557f/socket2-0.6.5/src/lib.rs:111:16
[sp1]       |
[sp1]   111 |             fn from(socket: $from) -> $for {
[sp1]       |                ---- implicitly returns `()` as its body has no tail or `return` expression
[sp1]  
[sp1]  error[E0308]: mismatched types
[sp1]      --> /Users/hiroyusai/.cargo/registry/src/index.crates.io-1949cf8c6b5b557f/socket2-0.6.5/src/socket.rs:2478:15
[sp1]       |
[sp1]  2478 | from!(Socket, net::TcpListener);
[sp1]       |               ^^^^^^^^^^^^^^^^ expected `TcpListener`, found `()`
[sp1]       |
[sp1]      ::: /Users/hiroyusai/.cargo/registry/src/index.crates.io-1949cf8c6b5b557f/socket2-0.6.5/src/lib.rs:111:16
[sp1]       |
[sp1]   111 |             fn from(socket: $from) -> $for {
[sp1]       |                ---- implicitly returns `()` as its body has no tail or `return` expression
[sp1]  
[sp1]  error[E0308]: mismatched types
[sp1]      --> /Users/hiroyusai/.cargo/registry/src/index.crates.io-1949cf8c6b5b557f/socket2-0.6.5/src/socket.rs:2479:15
[sp1]       |
[sp1]  2479 | from!(Socket, net::UdpSocket);
[sp1]       |               ^^^^^^^^^^^^^^ expected `UdpSocket`, found `()`
[sp1]       |
[sp1]      ::: /Users/hiroyusai/.cargo/registry/src/index.crates.io-1949cf8c6b5b557f/socket2-0.6.5/src/lib.rs:111:16
[sp1]       |
[sp1]   111 |             fn from(socket: $from) -> $for {
[sp1]       |                ---- implicitly returns `()` as its body has no tail or `return` expression
[sp1]  
[sp1]  Some errors have detailed explanations: E0061, E0308, E0583.
[sp1]  For more information about an error, try `rustc --explain E0061`.
[sp1]  error: could not compile `socket2` (lib) due to 9 previous errors
[sp1]  warning: build failed, waiting for other jobs to finish...
[sp1]  error[E0432]: unresolved import `crate::sys::IoSourceState`
[sp1]    --> /Users/hiroyusai/.cargo/registry/src/index.crates.io-1949cf8c6b5b557f/mio-1.2.2/src/io_source.rs:14:5
[sp1]     |
[sp1]  14 | use crate::sys::IoSourceState;
[sp1]     |     ^^^^^^^^^^^^^^^^^^^^^^^^^ no `IoSourceState` in `sys`
[sp1]  
[sp1]  error[E0432]: unresolved import `crate::sys::tcp`
[sp1]    --> /Users/hiroyusai/.cargo/registry/src/index.crates.io-1949cf8c6b5b557f/mio-1.2.2/src/net/tcp/listener.rs:23:17
[sp1]     |
[sp1]  23 | use crate::sys::tcp::{bind, listen, new_for_addr};
[sp1]     |                 ^^^ could not find `tcp` in `sys`
[sp1]  
[sp1]  error[E0432]: unresolved import `crate::sys::tcp`
[sp1]    --> /Users/hiroyusai/.cargo/registry/src/index.crates.io-1949cf8c6b5b557f/mio-1.2.2/src/net/tcp/stream.rs:17:17
[sp1]     |
[sp1]  17 | use crate::sys::tcp::{connect, new_for_addr};
[sp1]     |                 ^^^ could not find `tcp` in `sys`
[sp1]  
[sp1]  error[E0433]: failed to resolve: could not find `Selector` in `sys`
[sp1]     --> /Users/hiroyusai/.cargo/registry/src/index.crates.io-1949cf8c6b5b557f/mio-1.2.2/src/poll.rs:326:18
[sp1]      |
[sp1]  326 |             sys::Selector::new().map(|selector| Poll {
[sp1]      |                  ^^^^^^^^ could not find `Selector` in `sys`
[sp1]  
[sp1]  error[E0433]: failed to resolve: could not find `event` in `sys`
[sp1]    --> /Users/hiroyusai/.cargo/registry/src/index.crates.io-1949cf8c6b5b557f/mio-1.2.2/src/event/event.rs:24:14
[sp1]     |
[sp1]  24 |         sys::event::token(&self.inner)
[sp1]     |              ^^^^^ could not find `event` in `sys`
[sp1]  
[sp1]  error[E0433]: failed to resolve: could not find `event` in `sys`
[sp1]    --> /Users/hiroyusai/.cargo/registry/src/index.crates.io-1949cf8c6b5b557f/mio-1.2.2/src/event/event.rs:38:14
[sp1]     |
[sp1]  38 |         sys::event::is_readable(&self.inner)
[sp1]     |              ^^^^^ could not find `event` in `sys`
[sp1]  
[sp1]  error[E0433]: failed to resolve: could not find `event` in `sys`
[sp1]    --> /Users/hiroyusai/.cargo/registry/src/index.crates.io-1949cf8c6b5b557f/mio-1.2.2/src/event/event.rs:43:14
[sp1]     |
[sp1]  43 |         sys::event::is_writable(&self.inner)
[sp1]     |              ^^^^^ could not find `event` in `sys`
[sp1]  
[sp1]  error[E0433]: failed to resolve: could not find `event` in `sys`
[sp1]    --> /Users/hiroyusai/.cargo/registry/src/index.crates.io-1949cf8c6b5b557f/mio-1.2.2/src/event/event.rs:68:14
[sp1]     |
[sp1]  68 |         sys::event::is_error(&self.inner)
[sp1]     |              ^^^^^ could not find `event` in `sys`
[sp1]  
[sp1]  error[E0433]: failed to resolve: could not find `event` in `sys`
[sp1]    --> /Users/hiroyusai/.cargo/registry/src/index.crates.io-1949cf8c6b5b557f/mio-1.2.2/src/event/event.rs:99:14
[sp1]     |
[sp1]  99 |         sys::event::is_read_closed(&self.inner)
[sp1]     |              ^^^^^ could not find `event` in `sys`
[sp1]  
[sp1]  error[E0433]: failed to resolve: could not find `event` in `sys`
[sp1]     --> /Users/hiroyusai/.cargo/registry/src/index.crates.io-1949cf8c6b5b557f/mio-1.2.2/src/event/event.rs:129:14
[sp1]      |
[sp1]  129 |         sys::event::is_write_closed(&self.inner)
[sp1]      |              ^^^^^ could not find `event` in `sys`
[sp1]  
[sp1]  error[E0433]: failed to resolve: could not find `event` in `sys`
[sp1]     --> /Users/hiroyusai/.cargo/registry/src/index.crates.io-1949cf8c6b5b557f/mio-1.2.2/src/event/event.rs:151:14
[sp1]      |
[sp1]  151 |         sys::event::is_priority(&self.inner)
[sp1]      |              ^^^^^ could not find `event` in `sys`
[sp1]  
[sp1]  error[E0433]: failed to resolve: could not find `event` in `sys`
[sp1]     --> /Users/hiroyusai/.cargo/registry/src/index.crates.io-1949cf8c6b5b557f/mio-1.2.2/src/event/event.rs:173:14
[sp1]      |
[sp1]  173 |         sys::event::is_aio(&self.inner)
[sp1]      |              ^^^^^ could not find `event` in `sys`
[sp1]  
[sp1]  error[E0433]: failed to resolve: could not find `event` in `sys`
[sp1]     --> /Users/hiroyusai/.cargo/registry/src/index.crates.io-1949cf8c6b5b557f/mio-1.2.2/src/event/event.rs:183:14
[sp1]      |
[sp1]  183 |         sys::event::is_lio(&self.inner)
[sp1]      |              ^^^^^ could not find `event` in `sys`
[sp1]  
[sp1]  error[E0433]: failed to resolve: could not find `event` in `sys`
[sp1]     --> /Users/hiroyusai/.cargo/registry/src/index.crates.io-1949cf8c6b5b557f/mio-1.2.2/src/event/event.rs:221:26
[sp1]      |
[sp1]  221 |                     sys::event::debug_details(f, self.0)
[sp1]      |                          ^^^^^ could not find `event` in `sys`
[sp1]  
[sp1]  error[E0433]: failed to resolve: could not find `tcp` in `sys`
[sp1]     --> /Users/hiroyusai/.cargo/registry/src/index.crates.io-1949cf8c6b5b557f/mio-1.2.2/src/net/tcp/listener.rs:120:18
[sp1]      |
[sp1]  120 |             sys::tcp::accept(inner).map(|(stream, addr)| (TcpStream::from_std(stream), addr))
[sp1]      |                  ^^^ could not find `tcp` in `sys`
[sp1]  
[sp1]  error[E0433]: failed to resolve: could not find `udp` in `sys`
[sp1]     --> /Users/hiroyusai/.cargo/registry/src/index.crates.io-1949cf8c6b5b557f/mio-1.2.2/src/net/udp.rs:128:14
[sp1]      |
[sp1]  128 |         sys::udp::bind(addr).map(UdpSocket::from_std)
[sp1]      |              ^^^ could not find `udp` in `sys`
[sp1]  
[sp1]  error[E0433]: failed to resolve: could not find `udp` in `sys`
[sp1]     --> /Users/hiroyusai/.cargo/registry/src/index.crates.io-1949cf8c6b5b557f/mio-1.2.2/src/net/udp.rs:554:14
[sp1]      |
[sp1]  554 |         sys::udp::only_v6(&self.inner)
[sp1]      |              ^^^ could not find `udp` in `sys`
[sp1]  
[sp1]  error[E0425]: cannot find type `Selector` in module `sys`
[sp1]     --> /Users/hiroyusai/.cargo/registry/src/index.crates.io-1949cf8c6b5b557f/mio-1.2.2/src/poll.rs:277:20
[sp1]      |
[sp1]  277 |     selector: sys::Selector,
[sp1]      |                    ^^^^^^^^ not found in `sys`
[sp1]  
[sp1]  error[E0425]: cannot find type `Selector` in module `sys`
[sp1]     --> /Users/hiroyusai/.cargo/registry/src/index.crates.io-1949cf8c6b5b557f/mio-1.2.2/src/poll.rs:740:44
[sp1]      |
[sp1]  740 |     pub(crate) fn selector(&self) -> &sys::Selector {
[sp1]      |                                            ^^^^^^^^ not found in `sys`
[sp1]  
[sp1]  error[E0425]: cannot find type `Waker` in module `sys`
[sp1]    --> /Users/hiroyusai/.cargo/registry/src/index.crates.io-1949cf8c6b5b557f/mio-1.2.2/src/waker.rs:79:17
[sp1]     |
[sp1]  79 |     inner: sys::Waker,
[sp1]     |                 ^^^^^ not found in `sys`
[sp1]     |
[sp1]  help: consider importing one of these structs
[sp1]     |
[sp1]   1 + use crate::Waker;
[sp1]     |
[sp1]   1 + use std::task::Waker;
[sp1]     |
[sp1]  help: if you import `Waker`, refer to it directly
[sp1]     |
[sp1]  79 -     inner: sys::Waker,
[sp1]  79 +     inner: Waker,
[sp1]     |
[sp1]  
[sp1]  error[E0433]: failed to resolve: could not find `Waker` in `sys`
[sp1]    --> /Users/hiroyusai/.cargo/registry/src/index.crates.io-1949cf8c6b5b557f/mio-1.2.2/src/waker.rs:87:14
[sp1]     |
[sp1]  87 |         sys::Waker::new(registry.selector(), token).map(|inner| Waker { inner })
[sp1]     |              ^^^^^ could not find `Waker` in `sys`
[sp1]     |
[sp1]  help: consider importing one of these structs
[sp1]     |
[sp1]   1 + use crate::Waker;
[sp1]     |
[sp1]   1 + use std::task::Waker;
[sp1]     |
[sp1]  help: if you import `Waker`, refer to it directly
[sp1]     |
[sp1]  87 -         sys::Waker::new(registry.selector(), token).map(|inner| Waker { inner })
[sp1]  87 +         Waker::new(registry.selector(), token).map(|inner| Waker { inner })
[sp1]     |
[sp1]  
[sp1]  error[E0425]: cannot find type `Event` in module `sys`
[sp1]    --> /Users/hiroyusai/.cargo/registry/src/index.crates.io-1949cf8c6b5b557f/mio-1.2.2/src/event/event.rs:18:17
[sp1]     |
[sp1]  18 |     inner: sys::Event,
[sp1]     |                 ^^^^^ not found in `sys`
[sp1]     |
[sp1]  help: consider importing this struct through its public re-export
[sp1]     |
[sp1]   1 + use crate::event::Event;
[sp1]     |
[sp1]  help: if you import `Event`, refer to it directly
[sp1]     |
[sp1]  18 -     inner: sys::Event,
[sp1]  18 +     inner: Event,
[sp1]     |
[sp1]  
[sp1]  error[E0425]: cannot find type `Event` in module `sys`
[sp1]     --> /Users/hiroyusai/.cargo/registry/src/index.crates.io-1949cf8c6b5b557f/mio-1.2.2/src/event/event.rs:187:55
[sp1]      |
[sp1]  187 |     pub(crate) fn from_sys_event_ref(sys_event: &sys::Event) -> &Event {
[sp1]      |                                                       ^^^^^ not found in `sys`
[sp1]      |
[sp1]  help: consider importing this struct through its public re-export
[sp1]      |
[sp1]    1 + use crate::event::Event;
[sp1]      |
[sp1]  help: if you import `Event`, refer to it directly
[sp1]      |
[sp1]  187 -     pub(crate) fn from_sys_event_ref(sys_event: &sys::Event) -> &Event {
[sp1]  187 +     pub(crate) fn from_sys_event_ref(sys_event: &Event) -> &Event {
[sp1]      |
[sp1]  
[sp1]  error[E0425]: cannot find type `Event` in module `sys`
[sp1]     --> /Users/hiroyusai/.cargo/registry/src/index.crates.io-1949cf8c6b5b557f/mio-1.2.2/src/event/event.rs:191:41
[sp1]      |
[sp1]  191 |             &*(sys_event as *const sys::Event as *const Event)
[sp1]      |                                         ^^^^^ not found in `sys`
[sp1]      |
[sp1]  help: consider importing this struct through its public re-export
[sp1]      |
[sp1]    1 + use crate::event::Event;
[sp1]      |
[sp1]  help: if you import `Event`, refer to it directly
[sp1]      |
[sp1]  191 -             &*(sys_event as *const sys::Event as *const Event)
[sp1]  191 +             &*(sys_event as *const Event as *const Event)
[sp1]      |
[sp1]  
[sp1]  error[E0425]: cannot find type `Event` in module `sys`
[sp1]     --> /Users/hiroyusai/.cargo/registry/src/index.crates.io-1949cf8c6b5b557f/mio-1.2.2/src/event/event.rs:217:46
[sp1]      |
[sp1]  217 |             struct EventDetails<'a>(&'a sys::Event);
[sp1]      |                                              ^^^^^ not found in `sys`
[sp1]      |
[sp1]  help: consider importing this struct through its public re-export
[sp1]      |
[sp1]    1 + use crate::event::Event;
[sp1]      |
[sp1]  help: if you import `Event`, refer to it directly
[sp1]      |
[sp1]  217 -             struct EventDetails<'a>(&'a sys::Event);
[sp1]  217 +             struct EventDetails<'a>(&'a Event);
[sp1]      |
[sp1]  
[sp1]  error[E0425]: cannot find type `Events` in module `sys`
[sp1]    --> /Users/hiroyusai/.cargo/registry/src/index.crates.io-1949cf8c6b5b557f/mio-1.2.2/src/event/events.rs:43:17
[sp1]     |
[sp1]  43 |     inner: sys::Events,
[sp1]     |                 ^^^^^^ not found in `sys`
[sp1]     |
[sp1]  help: consider importing this struct through its public re-export
[sp1]     |
[sp1]   1 + use crate::Events;
[sp1]     |
[sp1]  help: if you import `Events`, refer to it directly
[sp1]     |
[sp1]  43 -     inner: sys::Events,
[sp1]  43 +     inner: Events,
[sp1]     |
[sp1]  
[sp1]  error[E0433]: failed to resolve: could not find `Events` in `sys`
[sp1]    --> /Users/hiroyusai/.cargo/registry/src/index.crates.io-1949cf8c6b5b557f/mio-1.2.2/src/event/events.rs:94:25
[sp1]     |
[sp1]  94 |             inner: sys::Events::with_capacity(capacity),
[sp1]     |                         ^^^^^^ could not find `Events` in `sys`
[sp1]     |
[sp1]  help: consider importing this struct through its public re-export
[sp1]     |
[sp1]   1 + use crate::Events;
[sp1]     |
[sp1]  help: if you import `Events`, refer to it directly
[sp1]     |
[sp1]  94 -             inner: sys::Events::with_capacity(capacity),
[sp1]  94 +             inner: Events::with_capacity(capacity),
[sp1]     |
[sp1]  
[sp1]  error[E0425]: cannot find type `Events` in module `sys`
[sp1]     --> /Users/hiroyusai/.cargo/registry/src/index.crates.io-1949cf8c6b5b557f/mio-1.2.2/src/event/events.rs:189:47
[sp1]      |
[sp1]  189 |     pub(crate) fn sys(&mut self) -> &mut sys::Events {
[sp1]      |                                               ^^^^^^ not found in `sys`
[sp1]      |
[sp1]  help: consider importing this struct through its public re-export
[sp1]      |
[sp1]    1 + use crate::Events;
[sp1]      |
[sp1]  help: if you import `Events`, refer to it directly
[sp1]      |
[sp1]  189 -     pub(crate) fn sys(&mut self) -> &mut sys::Events {
[sp1]  189 +     pub(crate) fn sys(&mut self) -> &mut Events {
[sp1]      |
[sp1]  
[sp1]  error[E0425]: cannot find value `listener` in this scope
[sp1]    --> /Users/hiroyusai/.cargo/registry/src/index.crates.io-1949cf8c6b5b557f/mio-1.2.2/src/net/tcp/listener.rs:82:24
[sp1]     |
[sp1]  82 |         set_reuseaddr(&listener.inner, true)?;
[sp1]     |                        ^^^^^^^^ not found in this scope
[sp1]  
[sp1]  error[E0425]: cannot find value `listener` in this scope
[sp1]    --> /Users/hiroyusai/.cargo/registry/src/index.crates.io-1949cf8c6b5b557f/mio-1.2.2/src/net/tcp/listener.rs:84:15
[sp1]     |
[sp1]  84 |         bind(&listener.inner, addr)?;
[sp1]     |               ^^^^^^^^ not found in this scope
[sp1]  
[sp1]  error[E0425]: cannot find value `listener` in this scope
[sp1]    --> /Users/hiroyusai/.cargo/registry/src/index.crates.io-1949cf8c6b5b557f/mio-1.2.2/src/net/tcp/listener.rs:94:17
[sp1]     |
[sp1]  94 |         listen(&listener.inner, backlog)?;
[sp1]     |                 ^^^^^^^^ not found in this scope
[sp1]  
[sp1]  error[E0425]: cannot find value `listener` in this scope
[sp1]    --> /Users/hiroyusai/.cargo/registry/src/index.crates.io-1949cf8c6b5b557f/mio-1.2.2/src/net/tcp/listener.rs:95:12
[sp1]     |
[sp1]  95 |         Ok(listener)
[sp1]     |            ^^^^^^^^ not found in this scope
[sp1]  
[sp1]  error[E0425]: cannot find value `stream` in this scope
[sp1]    --> /Users/hiroyusai/.cargo/registry/src/index.crates.io-1949cf8c6b5b557f/mio-1.2.2/src/net/tcp/stream.rs:97:18
[sp1]     |
[sp1]  97 |         connect(&stream.inner, addr)?;
[sp1]     |                  ^^^^^^ not found in this scope
[sp1]  
[sp1]  error[E0425]: cannot find value `stream` in this scope
[sp1]    --> /Users/hiroyusai/.cargo/registry/src/index.crates.io-1949cf8c6b5b557f/mio-1.2.2/src/net/tcp/stream.rs:98:12
[sp1]     |
[sp1]  98 |         Ok(stream)
[sp1]     |            ^^^^^^ not found in this scope
[sp1]  
[sp1]  error[E0425]: cannot find function `set_reuseaddr` in this scope
[sp1]    --> /Users/hiroyusai/.cargo/registry/src/index.crates.io-1949cf8c6b5b557f/mio-1.2.2/src/net/tcp/listener.rs:82:9
[sp1]     |
[sp1]  82 |         set_reuseaddr(&listener.inner, true)?;
[sp1]     |         ^^^^^^^^^^^^^ not found in this scope
[sp1]  
[sp1]  error[E0599]: no method named `register` found for struct `IoSource<std::net::TcpListener>` in the current scope
[sp1]     --> /Users/hiroyusai/.cargo/registry/src/index.crates.io-1949cf8c6b5b557f/mio-1.2.2/src/net/tcp/listener.rs:163:20
[sp1]      |
[sp1]  163 |         self.inner.register(registry, token, interests)
[sp1]      |                    ^^^^^^^^ method not found in `IoSource<std::net::TcpListener>`
[sp1]      |
[sp1]     ::: /Users/hiroyusai/.cargo/registry/src/index.crates.io-1949cf8c6b5b557f/mio-1.2.2/src/io_source.rs:37:1
[sp1]      |
[sp1]   37 | pub struct IoSource<T> {
[sp1]      | ---------------------- method `register` not found for this struct
[sp1]      |
[sp1]      = help: items from traits can only be used if the trait is implemented and in scope
[sp1]  note: `Source` defines an item `register`, perhaps you need to implement it
[sp1]     --> /Users/hiroyusai/.cargo/registry/src/index.crates.io-1949cf8c6b5b557f/mio-1.2.2/src/event/source.rs:75:1
[sp1]      |
[sp1]   75 | pub trait Source {
[sp1]      | ^^^^^^^^^^^^^^^^
[sp1]  
[sp1]  error[E0599]: no method named `reregister` found for struct `IoSource<std::net::TcpListener>` in the current scope
[sp1]     --> /Users/hiroyusai/.cargo/registry/src/index.crates.io-1949cf8c6b5b557f/mio-1.2.2/src/net/tcp/listener.rs:172:20
[sp1]      |
[sp1]  172 |         self.inner.reregister(registry, token, interests)
[sp1]      |                    ^^^^^^^^^^ method not found in `IoSource<std::net::TcpListener>`
[sp1]      |
[sp1]     ::: /Users/hiroyusai/.cargo/registry/src/index.crates.io-1949cf8c6b5b557f/mio-1.2.2/src/io_source.rs:37:1
[sp1]      |
[sp1]   37 | pub struct IoSource<T> {
[sp1]      | ---------------------- method `reregister` not found for this struct
[sp1]      |
[sp1]      = help: items from traits can only be used if the trait is implemented and in scope
[sp1]  note: `Source` defines an item `reregister`, perhaps you need to implement it
[sp1]     --> /Users/hiroyusai/.cargo/registry/src/index.crates.io-1949cf8c6b5b557f/mio-1.2.2/src/event/source.rs:75:1
[sp1]      |
[sp1]   75 | pub trait Source {
[sp1]      | ^^^^^^^^^^^^^^^^
[sp1]  
[sp1]  error[E0599]: no method named `deregister` found for struct `IoSource<std::net::TcpListener>` in the current scope
[sp1]     --> /Users/hiroyusai/.cargo/registry/src/index.crates.io-1949cf8c6b5b557f/mio-1.2.2/src/net/tcp/listener.rs:176:20
[sp1]      |
[sp1]  176 |         self.inner.deregister(registry)
[sp1]      |                    ^^^^^^^^^^ method not found in `IoSource<std::net::TcpListener>`
[sp1]      |
[sp1]     ::: /Users/hiroyusai/.cargo/registry/src/index.crates.io-1949cf8c6b5b557f/mio-1.2.2/src/io_source.rs:37:1
[sp1]      |
[sp1]   37 | pub struct IoSource<T> {
[sp1]      | ---------------------- method `deregister` not found for this struct
[sp1]      |
[sp1]      = help: items from traits can only be used if the trait is implemented and in scope
[sp1]  note: `Source` defines an item `deregister`, perhaps you need to implement it
[sp1]     --> /Users/hiroyusai/.cargo/registry/src/index.crates.io-1949cf8c6b5b557f/mio-1.2.2/src/event/source.rs:75:1
[sp1]      |
[sp1]   75 | pub trait Source {
[sp1]      | ^^^^^^^^^^^^^^^^
[sp1]  
[sp1]  error[E0308]: mismatched types
[sp1]     --> /Users/hiroyusai/.cargo/registry/src/index.crates.io-1949cf8c6b5b557f/mio-1.2.2/src/net/tcp/listener.rs:299:9
[sp1]      |
[sp1]  299 | /         unsafe {
[sp1]  300 | |             #[cfg(any(unix, target_os = "hermit", target_os = "wasi"))]
[sp1]  301 | |             {
[sp1]  302 | |                 net::TcpListener::from_raw_fd(listener.into_raw_fd())
[sp1]  ...   |
[sp1]  308 | |         }
[sp1]      | |_________^ expected `TcpListener`, found `()`
[sp1]  
[sp1]  error[E0599]: no method named `register` found for struct `IoSource<std::net::TcpStream>` in the current scope
[sp1]     --> /Users/hiroyusai/.cargo/registry/src/index.crates.io-1949cf8c6b5b557f/mio-1.2.2/src/net/tcp/stream.rs:334:20
[sp1]      |
[sp1]  334 |         self.inner.register(registry, token, interests)
[sp1]      |                    ^^^^^^^^ method not found in `IoSource<std::net::TcpStream>`
[sp1]      |
[sp1]     ::: /Users/hiroyusai/.cargo/registry/src/index.crates.io-1949cf8c6b5b557f/mio-1.2.2/src/io_source.rs:37:1
[sp1]      |
[sp1]   37 | pub struct IoSource<T> {
[sp1]      | ---------------------- method `register` not found for this struct
[sp1]      |
[sp1]      = help: items from traits can only be used if the trait is implemented and in scope
[sp1]  note: `Source` defines an item `register`, perhaps you need to implement it
[sp1]     --> /Users/hiroyusai/.cargo/registry/src/index.crates.io-1949cf8c6b5b557f/mio-1.2.2/src/event/source.rs:75:1
[sp1]      |
[sp1]   75 | pub trait Source {
[sp1]      | ^^^^^^^^^^^^^^^^
[sp1]  
[sp1]  error[E0599]: no method named `reregister` found for struct `IoSource<std::net::TcpStream>` in the current scope
[sp1]     --> /Users/hiroyusai/.cargo/registry/src/index.crates.io-1949cf8c6b5b557f/mio-1.2.2/src/net/tcp/stream.rs:343:20
[sp1]      |
[sp1]  343 |         self.inner.reregister(registry, token, interests)
[sp1]      |                    ^^^^^^^^^^ method not found in `IoSource<std::net::TcpStream>`
[sp1]      |
[sp1]     ::: /Users/hiroyusai/.cargo/registry/src/index.crates.io-1949cf8c6b5b557f/mio-1.2.2/src/io_source.rs:37:1
[sp1]      |
[sp1]   37 | pub struct IoSource<T> {
[sp1]      | ---------------------- method `reregister` not found for this struct
[sp1]      |
[sp1]      = help: items from traits can only be used if the trait is implemented and in scope
[sp1]  note: `Source` defines an item `reregister`, perhaps you need to implement it
[sp1]     --> /Users/hiroyusai/.cargo/registry/src/index.crates.io-1949cf8c6b5b557f/mio-1.2.2/src/event/source.rs:75:1
[sp1]      |
[sp1]   75 | pub trait Source {
[sp1]      | ^^^^^^^^^^^^^^^^
[sp1]  
[sp1]  error[E0599]: no method named `deregister` found for struct `IoSource<std::net::TcpStream>` in the current scope
[sp1]     --> /Users/hiroyusai/.cargo/registry/src/index.crates.io-1949cf8c6b5b557f/mio-1.2.2/src/net/tcp/stream.rs:347:20
[sp1]      |
[sp1]  347 |         self.inner.deregister(registry)
[sp1]      |                    ^^^^^^^^^^ method not found in `IoSource<std::net::TcpStream>`
[sp1]      |
[sp1]     ::: /Users/hiroyusai/.cargo/registry/src/index.crates.io-1949cf8c6b5b557f/mio-1.2.2/src/io_source.rs:37:1
[sp1]      |
[sp1]   37 | pub struct IoSource<T> {
[sp1]      | ---------------------- method `deregister` not found for this struct
[sp1]      |
[sp1]      = help: items from traits can only be used if the trait is implemented and in scope
[sp1]  note: `Source` defines an item `deregister`, perhaps you need to implement it
[sp1]     --> /Users/hiroyusai/.cargo/registry/src/index.crates.io-1949cf8c6b5b557f/mio-1.2.2/src/event/source.rs:75:1
[sp1]      |
[sp1]   75 | pub trait Source {
[sp1]      | ^^^^^^^^^^^^^^^^
[sp1]  
[sp1]  error[E0308]: mismatched types
[sp1]     --> /Users/hiroyusai/.cargo/registry/src/index.crates.io-1949cf8c6b5b557f/mio-1.2.2/src/net/tcp/stream.rs:470:9
[sp1]      |
[sp1]  470 | /         unsafe {
[sp1]  471 | |             #[cfg(any(unix, target_os = "hermit", target_os = "wasi"))]
[sp1]  472 | |             {
[sp1]  473 | |                 net::TcpStream::from_raw_fd(stream.into_raw_fd())
[sp1]  ...   |
[sp1]  479 | |         }
[sp1]      | |_________^ expected `TcpStream`, found `()`
[sp1]  
[sp1]  error[E0599]: no method named `register` found for struct `IoSource<std::net::UdpSocket>` in the current scope
[sp1]     --> /Users/hiroyusai/.cargo/registry/src/index.crates.io-1949cf8c6b5b557f/mio-1.2.2/src/net/udp.rs:632:20
[sp1]      |
[sp1]  632 |         self.inner.register(registry, token, interests)
[sp1]      |                    ^^^^^^^^ method not found in `IoSource<std::net::UdpSocket>`
[sp1]      |
[sp1]     ::: /Users/hiroyusai/.cargo/registry/src/index.crates.io-1949cf8c6b5b557f/mio-1.2.2/src/io_source.rs:37:1
[sp1]      |
[sp1]   37 | pub struct IoSource<T> {
[sp1]      | ---------------------- method `register` not found for this struct
[sp1]      |
[sp1]      = help: items from traits can only be used if the trait is implemented and in scope
[sp1]  note: `Source` defines an item `register`, perhaps you need to implement it
[sp1]     --> /Users/hiroyusai/.cargo/registry/src/index.crates.io-1949cf8c6b5b557f/mio-1.2.2/src/event/source.rs:75:1
[sp1]      |
[sp1]   75 | pub trait Source {
[sp1]      | ^^^^^^^^^^^^^^^^
[sp1]  
[sp1]  error[E0599]: no method named `reregister` found for struct `IoSource<std::net::UdpSocket>` in the current scope
[sp1]     --> /Users/hiroyusai/.cargo/registry/src/index.crates.io-1949cf8c6b5b557f/mio-1.2.2/src/net/udp.rs:641:20
[sp1]      |
[sp1]  641 |         self.inner.reregister(registry, token, interests)
[sp1]      |                    ^^^^^^^^^^ method not found in `IoSource<std::net::UdpSocket>`
[sp1]      |
[sp1]     ::: /Users/hiroyusai/.cargo/registry/src/index.crates.io-1949cf8c6b5b557f/mio-1.2.2/src/io_source.rs:37:1
[sp1]      |
[sp1]   37 | pub struct IoSource<T> {
[sp1]      | ---------------------- method `reregister` not found for this struct
[sp1]      |
[sp1]      = help: items from traits can only be used if the trait is implemented and in scope
[sp1]  note: `Source` defines an item `reregister`, perhaps you need to implement it
[sp1]     --> /Users/hiroyusai/.cargo/registry/src/index.crates.io-1949cf8c6b5b557f/mio-1.2.2/src/event/source.rs:75:1
[sp1]      |
[sp1]   75 | pub trait Source {
[sp1]      | ^^^^^^^^^^^^^^^^
[sp1]  
[sp1]  error[E0599]: no method named `deregister` found for struct `IoSource<std::net::UdpSocket>` in the current scope
[sp1]     --> /Users/hiroyusai/.cargo/registry/src/index.crates.io-1949cf8c6b5b557f/mio-1.2.2/src/net/udp.rs:645:20
[sp1]      |
[sp1]  645 |         self.inner.deregister(registry)
[sp1]      |                    ^^^^^^^^^^ method not found in `IoSource<std::net::UdpSocket>`
[sp1]      |
[sp1]     ::: /Users/hiroyusai/.cargo/registry/src/index.crates.io-1949cf8c6b5b557f/mio-1.2.2/src/io_source.rs:37:1
[sp1]      |
[sp1]   37 | pub struct IoSource<T> {
[sp1]      | ---------------------- method `deregister` not found for this struct
[sp1]      |
[sp1]      = help: items from traits can only be used if the trait is implemented and in scope
[sp1]  note: `Source` defines an item `deregister`, perhaps you need to implement it
[sp1]     --> /Users/hiroyusai/.cargo/registry/src/index.crates.io-1949cf8c6b5b557f/mio-1.2.2/src/event/source.rs:75:1
[sp1]      |
[sp1]   75 | pub trait Source {
[sp1]      | ^^^^^^^^^^^^^^^^
[sp1]  
[sp1]  error[E0308]: mismatched types
[sp1]     --> /Users/hiroyusai/.cargo/registry/src/index.crates.io-1949cf8c6b5b557f/mio-1.2.2/src/net/udp.rs:768:9
[sp1]      |
[sp1]  768 | /         unsafe {
[sp1]  769 | |             #[cfg(any(unix, target_os = "hermit", target_os = "wasi"))]
[sp1]  770 | |             {
[sp1]  771 | |                 net::UdpSocket::from_raw_fd(socket.into_raw_fd())
[sp1]  ...   |
[sp1]  777 | |         }
[sp1]      | |_________^ expected `UdpSocket`, found `()`
[sp1]  
[sp1]  Some errors have detailed explanations: E0308, E0425, E0432, E0433, E0599.
[sp1]  For more information about an error, try `rustc --explain E0308`.
[sp1]  error: could not compile `mio` (lib) due to 47 previous errors
[sp1]  warning: secp256k1-sys@0.11.0: depend/secp256k1/contrib/lax_der_parsing.c:7:10: fatal error: 'string.h' file not found
[sp1]  warning: secp256k1-sys@0.11.0:     7 | #include <string.h>
[sp1]  warning: secp256k1-sys@0.11.0:       |          ^~~~~~~~~~
[sp1]  warning: secp256k1-sys@0.11.0: 1 error generated.
[sp1]  warning: secp256k1-sys@0.11.0: ToolExecError: command did not execute successfully (status code exit status: 1): LC_ALL="C" "cc" "-O3" "-ffunction-sections" "-fdata-sections" "-fPIC" "--target=riscv64-succinct-zkvm" "-I" "depend/secp256k1/" "-I" "depend/secp256k1/include" "-I" "depend/secp256k1/src" "-Wall" "-Wextra" "-DSECP256K1_API=" "-DENABLE_MODULE_ECDH=1" "-DENABLE_MODULE_SCHNORRSIG=1" "-DENABLE_MODULE_EXTRAKEYS=1" "-DENABLE_MODULE_ELLSWIFT=1" "-Dprintf(...)=" "-DECMULT_GEN_PREC_BITS=4" "-DECMULT_WINDOW_SIZE=15" "-DUSE_EXTERNAL_DEFAULT_CALLBACKS=1" "-DENABLE_MODULE_RECOVERY=1" "-o" "/Users/hiroyusai/src/sworn/spikes/zone-spf/guest/target/elf-compilation/riscv64im-succinct-zkvm-elf/release/build/secp256k1-sys-6abf63b1e0cc63bc/out/4d6b2bbe68124288-lax_der_parsing.o" "-c" "depend/secp256k1/contrib/lax_der_parsing.c"cargo:rerun-if-env-changed=CC_riscv64im-succinct-zkvm-elf
[sp1]  warning: secp256k1-sys@0.11.0: In file included from depend/secp256k1/src/precomputed_ecmult_gen.c:3:
[sp1]  warning: secp256k1-sys@0.11.0: In file included from depend/secp256k1/src/group.h:10:
[sp1]  warning: secp256k1-sys@0.11.0: In file included from depend/secp256k1/src/field.h:10:
[sp1]  warning: secp256k1-sys@0.11.0: depend/secp256k1/src/util.h:13:10: fatal error: 'string.h' file not found
[sp1]  warning: secp256k1-sys@0.11.0:    13 | #include <string.h>
[sp1]  warning: secp256k1-sys@0.11.0:       |          ^~~~~~~~~~
[sp1]  warning: secp256k1-sys@0.11.0: 1 error generated.
[sp1]  warning: secp256k1-sys@0.11.0: ToolExecError: command did not execute successfully (status code exit status: 1): LC_ALL="C" "cc" "-O3" "-ffunction-sections" "-fdata-sections" "-fPIC" "--target=riscv64-succinct-zkvm" "-I" "depend/secp256k1/" "-I" "depend/secp256k1/include" "-I" "depend/secp256k1/src" "-Wall" "-Wextra" "-DSECP256K1_API=" "-DENABLE_MODULE_ECDH=1" "-DENABLE_MODULE_SCHNORRSIG=1" "-DENABLE_MODULE_EXTRAKEYS=1" "-DENABLE_MODULE_ELLSWIFT=1" "-Dprintf(...)=" "-DECMULT_GEN_PREC_BITS=4" "-DECMULT_WINDOW_SIZE=15" "-DUSE_EXTERNAL_DEFAULT_CALLBACKS=1" "-DENABLE_MODULE_RECOVERY=1" "-o" "/Users/hiroyusai/src/sworn/spikes/zone-spf/guest/target/elf-compilation/riscv64im-succinct-zkvm-elf/release/build/secp256k1-sys-6abf63b1e0cc63bc/out/fce6141bfa9bf74c-precomputed_ecmult_gen.o" "-c" "depend/secp256k1/src/precomputed_ecmult_gen.c"cargo:warning=In file included from depend/secp256k1/src/precomputed_ecmult.c:5:
[sp1]  warning: secp256k1-sys@0.11.0: In file included from depend/secp256k1/src/group.h:10:
[sp1]  warning: secp256k1-sys@0.11.0: In file included from depend/secp256k1/src/field.h:10:
[sp1]  warning: secp256k1-sys@0.11.0: depend/secp256k1/src/util.h:13:10: fatal error: 'string.h' file not found
[sp1]  warning: secp256k1-sys@0.11.0:    13 | #include <string.h>
[sp1]  warning: secp256k1-sys@0.11.0:       |          ^~~~~~~~~~
[sp1]  warning: secp256k1-sys@0.11.0: In file included from depend/secp256k1/src/secp256k1.c:23:
[sp1]  warning: secp256k1-sys@0.11.0: In file included from depend/secp256k1/src/assumptions.h:12:
[sp1]  warning: secp256k1-sys@0.11.0: depend/secp256k1/src/util.h:13:10: fatal error: 'string.h' file not found
[sp1]  warning: secp256k1-sys@0.11.0:    13 | #include <string.h>
[sp1]  warning: secp256k1-sys@0.11.0:       |          ^~~~~~~~~~
[sp1]  warning: secp256k1-sys@0.11.0: 1 error generated.
[sp1]  warning: secp256k1-sys@0.11.0: ToolExecError: command did not execute successfully (status code exit status: 1): LC_ALL="C" "cc" "-O3" "-ffunction-sections" "-fdata-sections" "-fPIC" "--target=riscv64-succinct-zkvm" "-I" "depend/secp256k1/" "-I" "depend/secp256k1/include" "-I" "depend/secp256k1/src" "-Wall" "-Wextra" "-DSECP256K1_API=" "-DENABLE_MODULE_ECDH=1" "-DENABLE_MODULE_SCHNORRSIG=1" "-DENABLE_MODULE_EXTRAKEYS=1" "-DENABLE_MODULE_ELLSWIFT=1" "-Dprintf(...)=" "-DECMULT_GEN_PREC_BITS=4" "-DECMULT_WINDOW_SIZE=15" "-DUSE_EXTERNAL_DEFAULT_CALLBACKS=1" "-DENABLE_MODULE_RECOVERY=1" "-o" "/Users/hiroyusai/src/sworn/spikes/zone-spf/guest/target/elf-compilation/riscv64im-succinct-zkvm-elf/release/build/secp256k1-sys-6abf63b1e0cc63bc/out/fce6141bfa9bf74c-secp256k1.o" "-c" "depend/secp256k1/src/secp256k1.c"cargo:warning=1 error generated.
[sp1]  warning: secp256k1-sys@0.11.0: ToolExecError: command did not execute successfully (status code exit status: 1): LC_ALL="C" "cc" "-O3" "-ffunction-sections" "-fdata-sections" "-fPIC" "--target=riscv64-succinct-zkvm" "-I" "depend/secp256k1/" "-I" "depend/secp256k1/include" "-I" "depend/secp256k1/src" "-Wall" "-Wextra" "-DSECP256K1_API=" "-DENABLE_MODULE_ECDH=1" "-DENABLE_MODULE_SCHNORRSIG=1" "-DENABLE_MODULE_EXTRAKEYS=1" "-DENABLE_MODULE_ELLSWIFT=1" "-Dprintf(...)=" "-DECMULT_GEN_PREC_BITS=4" "-DECMULT_WINDOW_SIZE=15" "-DUSE_EXTERNAL_DEFAULT_CALLBACKS=1" "-DENABLE_MODULE_RECOVERY=1" "-o" "/Users/hiroyusai/src/sworn/spikes/zone-spf/guest/target/elf-compilation/riscv64im-succinct-zkvm-elf/release/build/secp256k1-sys-6abf63b1e0cc63bc/out/fce6141bfa9bf74c-precomputed_ecmult.o" "-c" "depend/secp256k1/src/precomputed_ecmult.c"
[sp1]  warning: secp256k1-sys@0.11.0: error: unable to create target: 'No available targets are compatible with triple "riscv64-succinct-zkvm"'
[sp1]  warning: secp256k1-sys@0.11.0: 1 error generated.
[sp1]  warning: secp256k1-sys@0.11.0: ToolExecError: command did not execute successfully (status code exit status: 1): LC_ALL="C" "cc" "-O3" "-ffunction-sections" "-fdata-sections" "-fPIC" "--target=riscv64-succinct-zkvm" "-I" "depend/secp256k1/" "-I" "depend/secp256k1/include" "-I" "depend/secp256k1/src" "-I" "wasm/wasm-sysroot" "-Wall" "-Wextra" "-DSECP256K1_API=" "-DENABLE_MODULE_ECDH=1" "-DENABLE_MODULE_SCHNORRSIG=1" "-DENABLE_MODULE_EXTRAKEYS=1" "-DENABLE_MODULE_ELLSWIFT=1" "-Dprintf(...)=" "-DECMULT_GEN_PREC_BITS=4" "-DECMULT_WINDOW_SIZE=15" "-DUSE_EXTERNAL_DEFAULT_CALLBACKS=1" "-DENABLE_MODULE_RECOVERY=1" "-o" "/Users/hiroyusai/src/sworn/spikes/zone-spf/guest/target/elf-compilation/riscv64im-succinct-zkvm-elf/release/build/secp256k1-sys-6abf63b1e0cc63bc/out/4d6b2bbe68124288-lax_der_parsing.o" "-c" "depend/secp256k1/contrib/lax_der_parsing.c"cargo:rerun-if-env-changed=CC_riscv64im-succinct-zkvm-elf
[sp1]  warning: secp256k1-sys@0.11.0: In file included from depend/secp256k1/src/precomputed_ecmult_gen.c:3:
[sp1]  warning: secp256k1-sys@0.11.0: In file included from depend/secp256k1/src/group.h:10:
[sp1]  warning: secp256k1-sys@0.11.0: depend/secp256k1/src/field.h:111:13: warning: unused function 'rustsecp256k1_v0_11_fe_impl_normalize' [-Wunused-function]
[sp1]  warning: secp256k1-sys@0.11.0:   111 | static void rustsecp256k1_v0_11_fe_normalize(rustsecp256k1_v0_11_fe *r);
[sp1]  warning: secp256k1-sys@0.11.0:       |             ^~~~~~~~~~~~~~~~~~~~~~~~~~~~~~~~
[sp1]  warning: secp256k1-sys@0.11.0: depend/secp256k1/src/field.h:78:44: note: expanded from macro 'rustsecp256k1_v0_11_fe_normalize'
[sp1]  warning: secp256k1-sys@0.11.0:    78 | #  define rustsecp256k1_v0_11_fe_normalize rustsecp256k1_v0_11_fe_impl_normalize
[sp1]  warning: secp256k1-sys@0.11.0:       |                                            ^~~~~~~~~~~~~~~~~~~~~~~~~~~~~~~~~~~~~
[sp1]  warning: secp256k1-sys@0.11.0: depend/secp256k1/src/field.h:118:13: warning: unused function 'rustsecp256k1_v0_11_fe_impl_normalize_weak' [-Wunused-function]
[sp1]  warning: secp256k1-sys@0.11.0:   118 | static void rustsecp256k1_v0_11_fe_normalize_weak(rustsecp256k1_v0_11_fe *r);
[sp1]  warning: secp256k1-sys@0.11.0:       |             ^~~~~~~~~~~~~~~~~~~~~~~~~~~~~~~~~~~~~
[sp1]  warning: secp256k1-sys@0.11.0: depend/secp256k1/src/field.h:79:49: note: expanded from macro 'rustsecp256k1_v0_11_fe_normalize_weak'
[sp1]  warning: secp256k1-sys@0.11.0:    79 | #  define rustsecp256k1_v0_11_fe_normalize_weak rustsecp256k1_v0_11_fe_impl_normalize_weak
[sp1]  warning: secp256k1-sys@0.11.0:       |                                                 ^~~~~~~~~~~~~~~~~~~~~~~~~~~~~~~~~~~~~~~~~~
[sp1]  warning: secp256k1-sys@0.11.0: depend/secp256k1/src/field.h:124:13: warning: unused function 'rustsecp256k1_v0_11_fe_impl_normalize_var' [-Wunused-function]
[sp1]  warning: secp256k1-sys@0.11.0:   124 | static void rustsecp256k1_v0_11_fe_normalize_var(rustsecp256k1_v0_11_fe *r);
[sp1]  warning: secp256k1-sys@0.11.0:       |             ^~~~~~~~~~~~~~~~~~~~~~~~~~~~~~~~~~~~
[sp1]  warning: secp256k1-sys@0.11.0: depend/secp256k1/src/field.h:80:48: note: expanded from macro 'rustsecp256k1_v0_11_fe_normalize_var'
[sp1]  warning: secp256k1-sys@0.11.0:    80 | #  define rustsecp256k1_v0_11_fe_normalize_var rustsecp256k1_v0_11_fe_impl_normalize_var
[sp1]  warning: secp256k1-sys@0.11.0:       |                                                ^~~~~~~~~~~~~~~~~~~~~~~~~~~~~~~~~~~~~~~~~
[sp1]  warning: secp256k1-sys@0.11.0: depend/secp256k1/src/field.h:131:12: warning: unused function 'rustsecp256k1_v0_11_fe_impl_normalizes_to_zero' [-Wunused-function]
[sp1]  warning: secp256k1-sys@0.11.0:   131 | static int rustsecp256k1_v0_11_fe_normalizes_to_zero(const rustsecp256k1_v0_11_fe *r);
[sp1]  warning: secp256k1-sys@0.11.0:       |            ^~~~~~~~~~~~~~~~~~~~~~~~~~~~~~~~~~~~~~~~~
[sp1]  warning: secp256k1-sys@0.11.0: depend/secp256k1/src/field.h:81:53: note: expanded from macro 'rustsecp256k1_v0_11_fe_normalizes_to_zero'
[sp1]  warning: secp256k1-sys@0.11.0:    81 | #  define rustsecp256k1_v0_11_fe_normalizes_to_zero rustsecp256k1_v0_11_fe_impl_normalizes_to_zero
[sp1]  warning: secp256k1-sys@0.11.0:       |                                                     ^~~~~~~~~~~~~~~~~~~~~~~~~~~~~~~~~~~~~~~~~~~~~~
[sp1]  warning: secp256k1-sys@0.11.0: depend/secp256k1/src/field.h:137:12: warning: unused function 'rustsecp256k1_v0_11_fe_impl_normalizes_to_zero_var' [-Wunused-function]
[sp1]  warning: secp256k1-sys@0.11.0:   137 | static int rustsecp256k1_v0_11_fe_normalizes_to_zero_var(const rustsecp256k1_v0_11_fe *r);
[sp1]  warning: secp256k1-sys@0.11.0:       |            ^~~~~~~~~~~~~~~~~~~~~~~~~~~~~~~~~~~~~~~~~~~~~
[sp1]  warning: secp256k1-sys@0.11.0: depend/secp256k1/src/field.h:82:57: note: expanded from macro 'rustsecp256k1_v0_11_fe_normalizes_to_zero_var'
[sp1]  warning: secp256k1-sys@0.11.0:    82 | #  define rustsecp256k1_v0_11_fe_normalizes_to_zero_var rustsecp256k1_v0_11_fe_impl_normalizes_to_zero_var
[sp1]  warning: secp256k1-sys@0.11.0:       |                                                         ^~~~~~~~~~~~~~~~~~~~~~~~~~~~~~~~~~~~~~~~~~~~~~~~~~
[sp1]  warning: secp256k1-sys@0.11.0: depend/secp256k1/src/field.h:144:13: warning: unused function 'rustsecp256k1_v0_11_fe_impl_set_int' [-Wunused-function]
[sp1]  warning: secp256k1-sys@0.11.0:   144 | static void rustsecp256k1_v0_11_fe_set_int(rustsecp256k1_v0_11_fe *r, int a);
[sp1]  warning: secp256k1-sys@0.11.0:       |             ^~~~~~~~~~~~~~~~~~~~~~~~~~~~~~
[sp1]  warning: secp256k1-sys@0.11.0: depend/secp256k1/src/field.h:83:42: note: expanded from macro 'rustsecp256k1_v0_11_fe_set_int'
[sp1]  warning: secp256k1-sys@0.11.0:    83 | #  define rustsecp256k1_v0_11_fe_set_int rustsecp256k1_v0_11_fe_impl_set_int
[sp1]  warning: secp256k1-sys@0.11.0:       |                                          ^~~~~~~~~~~~~~~~~~~~~~~~~~~~~~~~~~~
[sp1]  warning: secp256k1-sys@0.11.0: depend/secp256k1/src/field.h:147:13: warning: unused function 'rustsecp256k1_v0_11_fe_clear' [-Wunused-function]
[sp1]  warning: secp256k1-sys@0.11.0:   147 | static void rustsecp256k1_v0_11_fe_clear(rustsecp256k1_v0_11_fe *a);
[sp1]  warning: secp256k1-sys@0.11.0:       |             ^~~~~~~~~~~~~~~~~~~~~~~~~~~~
[sp1]  warning: secp256k1-sys@0.11.0: depend/secp256k1/src/field.h:157:12: warning: unused function 'rustsecp256k1_v0_11_fe_impl_is_zero' [-Wunused-function]
[sp1]  warning: secp256k1-sys@0.11.0:   157 | static int rustsecp256k1_v0_11_fe_is_zero(const rustsecp256k1_v0_11_fe *a);
[sp1]  warning: secp256k1-sys@0.11.0:       |            ^~~~~~~~~~~~~~~~~~~~~~~~~~~~~~
[sp1]  warning: secp256k1-sys@0.11.0: depend/secp256k1/src/field.h:84:42: note: expanded from macro 'rustsecp256k1_v0_11_fe_is_zero'
[sp1]  warning: secp256k1-sys@0.11.0:    84 | #  define rustsecp256k1_v0_11_fe_is_zero rustsecp256k1_v0_11_fe_impl_is_zero
[sp1]  warning: secp256k1-sys@0.11.0:       |                                          ^~~~~~~~~~~~~~~~~~~~~~~~~~~~~~~~~~~
[sp1]  warning: secp256k1-sys@0.11.0: depend/secp256k1/src/field.h:164:12: warning: unused function 'rustsecp256k1_v0_11_fe_impl_is_odd' [-Wunused-function]
[sp1]  warning: secp256k1-sys@0.11.0:   164 | static int rustsecp256k1_v0_11_fe_is_odd(const rustsecp256k1_v0_11_fe *a);
[sp1]  warning: secp256k1-sys@0.11.0:       |            ^~~~~~~~~~~~~~~~~~~~~~~~~~~~~
[sp1]  warning: secp256k1-sys@0.11.0: depend/secp256k1/src/field.h:85:41: note: expanded from macro 'rustsecp256k1_v0_11_fe_is_odd'
[sp1]  warning: secp256k1-sys@0.11.0:    85 | #  define rustsecp256k1_v0_11_fe_is_odd rustsecp256k1_v0_11_fe_impl_is_odd
[sp1]  warning: secp256k1-sys@0.11.0:       |                                         ^~~~~~~~~~~~~~~~~~~~~~~~~~~~~~~~~~
[sp1]  warning: secp256k1-sys@0.11.0: depend/secp256k1/src/field.h:172:12: warning: unused function 'rustsecp256k1_v0_11_fe_equal' [-Wunused-function]
[sp1]  warning: secp256k1-sys@0.11.0:   172 | static int rustsecp256k1_v0_11_fe_equal(const rustsecp256k1_v0_11_fe *a, const rustsecp256k1_v0_11_fe *b);
[sp1]  warning: secp256k1-sys@0.11.0:       |            ^~~~~~~~~~~~~~~~~~~~~~~~~~~~
[sp1]  warning: secp256k1-sys@0.11.0: depend/secp256k1/src/field.h:180:12: warning: unused function 'rustsecp256k1_v0_11_fe_impl_cmp_var' [-Wunused-function]
[sp1]  warning: secp256k1-sys@0.11.0:   180 | static int rustsecp256k1_v0_11_fe_cmp_var(const rustsecp256k1_v0_11_fe *a, const rustsecp256k1_v0_11_fe *b);
[sp1]  warning: secp256k1-sys@0.11.0:       |            ^~~~~~~~~~~~~~~~~~~~~~~~~~~~~~
[sp1]  warning: secp256k1-sys@0.11.0: depend/secp256k1/src/field.h:86:42: note: expanded from macro 'rustsecp256k1_v0_11_fe_cmp_var'
[sp1]  warning: secp256k1-sys@0.11.0:    86 | #  define rustsecp256k1_v0_11_fe_cmp_var rustsecp256k1_v0_11_fe_impl_cmp_var
[sp1]  warning: secp256k1-sys@0.11.0:       |                                          ^~~~~~~~~~~~~~~~~~~~~~~~~~~~~~~~~~~
[sp1]  warning: secp256k1-sys@0.11.0: depend/secp256k1/src/field.h:188:13: warning: unused function 'rustsecp256k1_v0_11_fe_impl_set_b32_mod' [-Wunused-function]
[sp1]  warning: secp256k1-sys@0.11.0:   188 | static void rustsecp256k1_v0_11_fe_set_b32_mod(rustsecp256k1_v0_11_fe *r, const unsigned char *a);
[sp1]  warning: secp256k1-sys@0.11.0:       |             ^~~~~~~~~~~~~~~~~~~~~~~~~~~~~~~~~~
[sp1]  warning: secp256k1-sys@0.11.0: depend/secp256k1/src/field.h:87:46: note: expanded from macro 'rustsecp256k1_v0_11_fe_set_b32_mod'
[sp1]  warning: secp256k1-sys@0.11.0:    87 | #  define rustsecp256k1_v0_11_fe_set_b32_mod rustsecp256k1_v0_11_fe_impl_set_b32_mod
[sp1]  warning: secp256k1-sys@0.11.0:       |                                              ^~~~~~~~~~~~~~~~~~~~~~~~~~~~~~~~~~~~~~~
[sp1]  warning: secp256k1-sys@0.11.0: depend/secp256k1/src/field.h:196:12: warning: unused function 'rustsecp256k1_v0_11_fe_impl_set_b32_limit' [-Wunused-function]
[sp1]  warning: secp256k1-sys@0.11.0:   196 | static int rustsecp256k1_v0_11_fe_set_b32_limit(rustsecp256k1_v0_11_fe *r, const unsigned char *a);
[sp1]  warning: secp256k1-sys@0.11.0:       |            ^~~~~~~~~~~~~~~~~~~~~~~~~~~~~~~~~~~~
[sp1]  warning: secp256k1-sys@0.11.0: depend/secp256k1/src/field.h:88:48: note: expanded from macro 'rustsecp256k1_v0_11_fe_set_b32_limit'
[sp1]  warning: secp256k1-sys@0.11.0:    88 | #  define rustsecp256k1_v0_11_fe_set_b32_limit rustsecp256k1_v0_11_fe_impl_set_b32_limit
[sp1]  warning: secp256k1-sys@0.11.0:       |                                                ^~~~~~~~~~~~~~~~~~~~~~~~~~~~~~~~~~~~~~~~~
[sp1]  warning: secp256k1-sys@0.11.0: depend/secp256k1/src/field.h:202:13: warning: unused function 'rustsecp256k1_v0_11_fe_impl_get_b32' [-Wunused-function]
[sp1]  warning: secp256k1-sys@0.11.0:   202 | static void rustsecp256k1_v0_11_fe_get_b32(unsigned char *r, const rustsecp256k1_v0_11_fe *a);
[sp1]  warning: secp256k1-sys@0.11.0:       |             ^~~~~~~~~~~~~~~~~~~~~~~~~~~~~~
[sp1]  warning: secp256k1-sys@0.11.0: depend/secp256k1/src/field.h:89:42: note: expanded from macro 'rustsecp256k1_v0_11_fe_get_b32'
[sp1]  warning: secp256k1-sys@0.11.0:    89 | #  define rustsecp256k1_v0_11_fe_get_b32 rustsecp256k1_v0_11_fe_impl_get_b32
[sp1]  warning: secp256k1-sys@0.11.0:       |                                          ^~~~~~~~~~~~~~~~~~~~~~~~~~~~~~~~~~~
[sp1]  warning: secp256k1-sys@0.11.0: depend/secp256k1/src/field.h:217:13: warning: unused function 'rustsecp256k1_v0_11_fe_impl_negate_unchecked' [-Wunused-function]
[sp1]  warning: secp256k1-sys@0.11.0:   217 | static void rustsecp256k1_v0_11_fe_negate_unchecked(rustsecp256k1_v0_11_fe *r, const rustsecp256k1_v0_11_fe *a, int m);
[sp1]  warning: secp256k1-sys@0.11.0:       |             ^~~~~~~~~~~~~~~~~~~~~~~~~~~~~~~~~~~~~~~
[sp1]  warning: secp256k1-sys@0.11.0: depend/secp256k1/src/field.h:90:51: note: expanded from macro 'rustsecp256k1_v0_11_fe_negate_unchecked'
[sp1]  warning: secp256k1-sys@0.11.0:    90 | #  define rustsecp256k1_v0_11_fe_negate_unchecked rustsecp256k1_v0_11_fe_impl_negate_unchecked
[sp1]  warning: secp256k1-sys@0.11.0:       |                                                   ^~~~~~~~~~~~~~~~~~~~~~~~~~~~~~~~~~~~~~~~~~~~
[sp1]  warning: secp256k1-sys@0.11.0: depend/secp256k1/src/field.h:224:13: warning: unused function 'rustsecp256k1_v0_11_fe_impl_add_int' [-Wunused-function]
[sp1]  warning: secp256k1-sys@0.11.0:   224 | static void rustsecp256k1_v0_11_fe_add_int(rustsecp256k1_v0_11_fe *r, int a);
[sp1]  warning: secp256k1-sys@0.11.0:       |             ^~~~~~~~~~~~~~~~~~~~~~~~~~~~~~
[sp1]  warning: secp256k1-sys@0.11.0: depend/secp256k1/src/field.h:102:42: note: expanded from macro 'rustsecp256k1_v0_11_fe_add_int'
[sp1]  warning: secp256k1-sys@0.11.0:   102 | #  define rustsecp256k1_v0_11_fe_add_int rustsecp256k1_v0_11_fe_impl_add_int
[sp1]  warning: secp256k1-sys@0.11.0:       |                                          ^~~~~~~~~~~~~~~~~~~~~~~~~~~~~~~~~~~
[sp1]  warning: secp256k1-sys@0.11.0: depend/secp256k1/src/field.h:239:13: warning: unused function 'rustsecp256k1_v0_11_fe_impl_mul_int_unchecked' [-Wunused-function]
[sp1]  warning: secp256k1-sys@0.11.0:   239 | static void rustsecp256k1_v0_11_fe_mul_int_unchecked(rustsecp256k1_v0_11_fe *r, int a);
[sp1]  warning: secp256k1-sys@0.11.0:       |             ^~~~~~~~~~~~~~~~~~~~~~~~~~~~~~~~~~~~~~~~
[sp1]  warning: secp256k1-sys@0.11.0: depend/secp256k1/src/field.h:91:52: note: expanded from macro 'rustsecp256k1_v0_11_fe_mul_int_unchecked'
[sp1]  warning: secp256k1-sys@0.11.0:    91 | #  define rustsecp256k1_v0_11_fe_mul_int_unchecked rustsecp256k1_v0_11_fe_impl_mul_int_unchecked
[sp1]  warning: secp256k1-sys@0.11.0:       |                                                    ^~~~~~~~~~~~~~~~~~~~~~~~~~~~~~~~~~~~~~~~~~~~~
[sp1]  warning: secp256k1-sys@0.11.0: depend/secp256k1/src/field.h:248:13: warning: unused function 'rustsecp256k1_v0_11_fe_impl_add' [-Wunused-function]
[sp1]  warning: secp256k1-sys@0.11.0:   248 | static void rustsecp256k1_v0_11_fe_add(rustsecp256k1_v0_11_fe *r, const rustsecp256k1_v0_11_fe *a);
[sp1]  warning: secp256k1-sys@0.11.0:       |             ^~~~~~~~~~~~~~~~~~~~~~~~~~
[sp1]  warning: secp256k1-sys@0.11.0: depend/secp256k1/src/field.h:92:38: note: expanded from macro 'rustsecp256k1_v0_11_fe_add'
[sp1]  warning: secp256k1-sys@0.11.0:    92 | #  define rustsecp256k1_v0_11_fe_add rustsecp256k1_v0_11_fe_impl_add
[sp1]  warning: secp256k1-sys@0.11.0:       |                                      ^~~~~~~~~~~~~~~~~~~~~~~~~~~~~~~
[sp1]  warning: secp256k1-sys@0.11.0: depend/secp256k1/src/field.h:258:13: warning: unused function 'rustsecp256k1_v0_11_fe_impl_mul' [-Wunused-function]
[sp1]  warning: secp256k1-sys@0.11.0:   258 | static void rustsecp256k1_v0_11_fe_mul(rustsecp256k1_v0_11_fe *r, const rustsecp256k1_v0_11_fe *a, const rustsecp256k1_v0_11_fe * SECP256K1_RESTRICT b);
[sp1]  warning: secp256k1-sys@0.11.0:       |             ^~~~~~~~~~~~~~~~~~~~~~~~~~
[sp1]  warning: secp256k1-sys@0.11.0: depend/secp256k1/src/field.h:93:38: note: expanded from macro 'rustsecp256k1_v0_11_fe_mul'
[sp1]  warning: secp256k1-sys@0.11.0:    93 | #  define rustsecp256k1_v0_11_fe_mul rustsecp256k1_v0_11_fe_impl_mul
[sp1]  warning: secp256k1-sys@0.11.0:       |                                      ^~~~~~~~~~~~~~~~~~~~~~~~~~~~~~~
[sp1]  warning: secp256k1-sys@0.11.0: depend/secp256k1/src/field.h:267:13: warning: unused function 'rustsecp256k1_v0_11_fe_impl_sqr' [-Wunused-function]
[sp1]  warning: secp256k1-sys@0.11.0:   267 | static void rustsecp256k1_v0_11_fe_sqr(rustsecp256k1_v0_11_fe *r, const rustsecp256k1_v0_11_fe *a);
[sp1]  warning: secp256k1-sys@0.11.0:       |             ^~~~~~~~~~~~~~~~~~~~~~~~~~
[sp1]  warning: secp256k1-sys@0.11.0: depend/secp256k1/src/field.h:94:38: note: expanded from macro 'rustsecp256k1_v0_11_fe_sqr'
[sp1]  warning: secp256k1-sys@0.11.0:    94 | #  define rustsecp256k1_v0_11_fe_sqr rustsecp256k1_v0_11_fe_impl_sqr
[sp1]  warning: secp256k1-sys@0.11.0:       |                                      ^~~~~~~~~~~~~~~~~~~~~~~~~~~~~~~
[sp1]  warning: secp256k1-sys@0.11.0: depend/secp256k1/src/field.h:278:12: warning: unused function 'rustsecp256k1_v0_11_fe_sqrt' [-Wunused-function]
[sp1]  warning: secp256k1-sys@0.11.0:   278 | static int rustsecp256k1_v0_11_fe_sqrt(rustsecp256k1_v0_11_fe * SECP256K1_RESTRICT r, const rustsecp256k1_v0_11_fe * SECP256K1_RESTRICT a);
[sp1]  warning: secp256k1-sys@0.11.0:       |            ^~~~~~~~~~~~~~~~~~~~~~~~~~~
[sp1]  warning: secp256k1-sys@0.11.0: depend/secp256k1/src/field.h:287:13: warning: unused function 'rustsecp256k1_v0_11_fe_impl_inv' [-Wunused-function]
[sp1]  warning: secp256k1-sys@0.11.0:   287 | static void rustsecp256k1_v0_11_fe_inv(rustsecp256k1_v0_11_fe *r, const rustsecp256k1_v0_11_fe *a);
[sp1]  warning: secp256k1-sys@0.11.0:       |             ^~~~~~~~~~~~~~~~~~~~~~~~~~
[sp1]  warning: secp256k1-sys@0.11.0: depend/secp256k1/src/field.h:98:38: note: expanded from macro 'rustsecp256k1_v0_11_fe_inv'
[sp1]  warning: secp256k1-sys@0.11.0:    98 | #  define rustsecp256k1_v0_11_fe_inv rustsecp256k1_v0_11_fe_impl_inv
[sp1]  warning: secp256k1-sys@0.11.0:       |                                      ^~~~~~~~~~~~~~~~~~~~~~~~~~~~~~~
[sp1]  warning: secp256k1-sys@0.11.0: depend/secp256k1/src/field.h:293:13: warning: unused function 'rustsecp256k1_v0_11_fe_impl_inv_var' [-Wunused-function]
[sp1]  warning: secp256k1-sys@0.11.0:   293 | static void rustsecp256k1_v0_11_fe_inv_var(rustsecp256k1_v0_11_fe *r, const rustsecp256k1_v0_11_fe *a);
[sp1]  warning: secp256k1-sys@0.11.0:       |             ^~~~~~~~~~~~~~~~~~~~~~~~~~~~~~
[sp1]  warning: secp256k1-sys@0.11.0: depend/secp256k1/src/field.h:99:42: note: expanded from macro 'rustsecp256k1_v0_11_fe_inv_var'
[sp1]  warning: secp256k1-sys@0.11.0:    99 | #  define rustsecp256k1_v0_11_fe_inv_var rustsecp256k1_v0_11_fe_impl_inv_var
[sp1]  warning: secp256k1-sys@0.11.0:       |                                          ^~~~~~~~~~~~~~~~~~~~~~~~~~~~~~~~~~~
[sp1]  warning: secp256k1-sys@0.11.0: depend/secp256k1/src/field.h:300:13: warning: unused function 'rustsecp256k1_v0_11_fe_impl_to_storage' [-Wunused-function]
[sp1]  warning: secp256k1-sys@0.11.0:   300 | static void rustsecp256k1_v0_11_fe_to_storage(rustsecp256k1_v0_11_fe_storage *r, const rustsecp256k1_v0_11_fe *a);
[sp1]  warning: secp256k1-sys@0.11.0:       |             ^~~~~~~~~~~~~~~~~~~~~~~~~~~~~~~~~
[sp1]  warning: secp256k1-sys@0.11.0: depend/secp256k1/src/field.h:96:45: note: expanded from macro 'rustsecp256k1_v0_11_fe_to_storage'
[sp1]  warning: secp256k1-sys@0.11.0:    96 | #  define rustsecp256k1_v0_11_fe_to_storage rustsecp256k1_v0_11_fe_impl_to_storage
[sp1]  warning: secp256k1-sys@0.11.0:       |                                             ^~~~~~~~~~~~~~~~~~~~~~~~~~~~~~~~~~~~~~
[sp1]  warning: secp256k1-sys@0.11.0: depend/secp256k1/src/field.h:308:13: warning: unused function 'rustsecp256k1_v0_11_fe_impl_from_storage' [-Wunused-function]
[sp1]  warning: secp256k1-sys@0.11.0:   308 | static void rustsecp256k1_v0_11_fe_from_storage(rustsecp256k1_v0_11_fe *r, const rustsecp256k1_v0_11_fe_storage *a);
[sp1]  warning: secp256k1-sys@0.11.0:       |             ^~~~~~~~~~~~~~~~~~~~~~~~~~~~~~~~~~~
[sp1]  warning: secp256k1-sys@0.11.0: depend/secp256k1/src/field.h:97:47: note: expanded from macro 'rustsecp256k1_v0_11_fe_from_storage'
[sp1]  warning: secp256k1-sys@0.11.0:    97 | #  define rustsecp256k1_v0_11_fe_from_storage rustsecp256k1_v0_11_fe_impl_from_storage
[sp1]  warning: secp256k1-sys@0.11.0:       |                                               ^~~~~~~~~~~~~~~~~~~~~~~~~~~~~~~~~~~~~~~~
[sp1]  warning: secp256k1-sys@0.11.0: depend/secp256k1/src/field.h:311:13: warning: unused function 'rustsecp256k1_v0_11_fe_storage_cmov' [-Wunused-function]
[sp1]  warning: secp256k1-sys@0.11.0:   311 | static void rustsecp256k1_v0_11_fe_storage_cmov(rustsecp256k1_v0_11_fe_storage *r, const rustsecp256k1_v0_11_fe_storage *a, int flag);
[sp1]  warning: secp256k1-sys@0.11.0:       |             ^~~~~~~~~~~~~~~~~~~~~~~~~~~~~~~~~~~
[sp1]  warning: secp256k1-sys@0.11.0: depend/secp256k1/src/field.h:321:13: warning: unused function 'rustsecp256k1_v0_11_fe_impl_cmov' [-Wunused-function]
[sp1]  warning: secp256k1-sys@0.11.0:   321 | static void rustsecp256k1_v0_11_fe_cmov(rustsecp256k1_v0_11_fe *r, const rustsecp256k1_v0_11_fe *a, int flag);
[sp1]  warning: secp256k1-sys@0.11.0:       |             ^~~~~~~~~~~~~~~~~~~~~~~~~~~
[sp1]  warning: secp256k1-sys@0.11.0: depend/secp256k1/src/field.h:95:39: note: expanded from macro 'rustsecp256k1_v0_11_fe_cmov'
[sp1]  warning: secp256k1-sys@0.11.0:    95 | #  define rustsecp256k1_v0_11_fe_cmov rustsecp256k1_v0_11_fe_impl_cmov
[sp1]  warning: secp256k1-sys@0.11.0:       |                                       ^~~~~~~~~~~~~~~~~~~~~~~~~~~~~~~~
[sp1]  warning: secp256k1-sys@0.11.0: depend/secp256k1/src/field.h:329:13: warning: unused function 'rustsecp256k1_v0_11_fe_impl_half' [-Wunused-function]
[sp1]  warning: secp256k1-sys@0.11.0:   329 | static void rustsecp256k1_v0_11_fe_half(rustsecp256k1_v0_11_fe *r);
[sp1]  warning: secp256k1-sys@0.11.0:       |             ^~~~~~~~~~~~~~~~~~~~~~~~~~~
[sp1]  warning: secp256k1-sys@0.11.0: depend/secp256k1/src/field.h:101:39: note: expanded from macro 'rustsecp256k1_v0_11_fe_half'
[sp1]  warning: secp256k1-sys@0.11.0:   101 | #  define rustsecp256k1_v0_11_fe_half rustsecp256k1_v0_11_fe_impl_half
[sp1]  warning: secp256k1-sys@0.11.0:       |                                       ^~~~~~~~~~~~~~~~~~~~~~~~~~~~~~~~
[sp1]  warning: secp256k1-sys@0.11.0: depend/secp256k1/src/field.h:334:13: warning: unused function 'rustsecp256k1_v0_11_fe_impl_get_bounds' [-Wunused-function]
[sp1]  warning: secp256k1-sys@0.11.0:   334 | static void rustsecp256k1_v0_11_fe_get_bounds(rustsecp256k1_v0_11_fe *r, int m);
[sp1]  warning: secp256k1-sys@0.11.0:       |             ^~~~~~~~~~~~~~~~~~~~~~~~~~~~~~~~~
[sp1]  warning: secp256k1-sys@0.11.0: depend/secp256k1/src/field.h:100:45: note: expanded from macro 'rustsecp256k1_v0_11_fe_get_bounds'
[sp1]  warning: secp256k1-sys@0.11.0:   100 | #  define rustsecp256k1_v0_11_fe_get_bounds rustsecp256k1_v0_11_fe_impl_get_bounds
[sp1]  warning: secp256k1-sys@0.11.0:       |                                             ^~~~~~~~~~~~~~~~~~~~~~~~~~~~~~~~~~~~~~
[sp1]  warning: secp256k1-sys@0.11.0: depend/secp256k1/src/field.h:340:12: warning: unused function 'rustsecp256k1_v0_11_fe_impl_is_square_var' [-Wunused-function]
[sp1]  warning: secp256k1-sys@0.11.0:   340 | static int rustsecp256k1_v0_11_fe_is_square_var(const rustsecp256k1_v0_11_fe *a);
[sp1]  warning: secp256k1-sys@0.11.0:       |            ^~~~~~~~~~~~~~~~~~~~~~~~~~~~~~~~~~~~
[sp1]  warning: secp256k1-sys@0.11.0: depend/secp256k1/src/field.h:103:48: note: expanded from macro 'rustsecp256k1_v0_11_fe_is_square_var'
[sp1]  warning: secp256k1-sys@0.11.0:   103 | #  define rustsecp256k1_v0_11_fe_is_square_var rustsecp256k1_v0_11_fe_impl_is_square_var
[sp1]  warning: secp256k1-sys@0.11.0:       |                                                ^~~~~~~~~~~~~~~~~~~~~~~~~~~~~~~~~~~~~~~~~
[sp1]  warning: secp256k1-sys@0.11.0: depend/secp256k1/src/field.h:343:13: warning: unused function 'rustsecp256k1_v0_11_fe_verify' [-Wunused-function]
[sp1]  warning: secp256k1-sys@0.11.0:   343 | static void rustsecp256k1_v0_11_fe_verify(const rustsecp256k1_v0_11_fe *a);
[sp1]  warning: secp256k1-sys@0.11.0:       |             ^~~~~~~~~~~~~~~~~~~~~~~~~~~~~
[sp1]  warning: secp256k1-sys@0.11.0: depend/secp256k1/src/field.h:347:13: warning: unused function 'rustsecp256k1_v0_11_fe_verify_magnitude' [-Wunused-function]
[sp1]  warning: secp256k1-sys@0.11.0:   347 | static void rustsecp256k1_v0_11_fe_verify_magnitude(const rustsecp256k1_v0_11_fe *a, int m);
[sp1]  warning: secp256k1-sys@0.11.0:       |             ^~~~~~~~~~~~~~~~~~~~~~~~~~~~~~~~~~~~~~~
[sp1]  warning: secp256k1-sys@0.11.0: In file included from depend/secp256k1/src/precomputed_ecmult_gen.c:3:
[sp1]  warning: secp256k1-sys@0.11.0: depend/secp256k1/src/group.h:56:13: warning: unused function 'rustsecp256k1_v0_11_ge_set_xy' [-Wunused-function]
[sp1]  warning: secp256k1-sys@0.11.0:    56 | static void rustsecp256k1_v0_11_ge_set_xy(rustsecp256k1_v0_11_ge *r, const rustsecp256k1_v0_11_fe *x, const rustsecp256k1_v0_11_fe *y);
[sp1]  warning: secp256k1-sys@0.11.0:       |             ^~~~~~~~~~~~~~~~~~~~~~~~~~~~~
[sp1]  warning: secp256k1-sys@0.11.0: depend/secp256k1/src/group.h:60:12: warning: unused function 'rustsecp256k1_v0_11_ge_set_xo_var' [-Wunused-function]
[sp1]  warning: secp256k1-sys@0.11.0:    60 | static int rustsecp256k1_v0_11_ge_set_xo_var(rustsecp256k1_v0_11_ge *r, const rustsecp256k1_v0_11_fe *x, int odd);
[sp1]  warning: secp256k1-sys@0.11.0:       |            ^~~~~~~~~~~~~~~~~~~~~~~~~~~~~~~~~
[sp1]  warning: secp256k1-sys@0.11.0: depend/secp256k1/src/group.h:63:12: warning: unused function 'rustsecp256k1_v0_11_ge_x_on_curve_var' [-Wunused-function]
[sp1]  warning: secp256k1-sys@0.11.0:    63 | static int rustsecp256k1_v0_11_ge_x_on_curve_var(const rustsecp256k1_v0_11_fe *x);
[sp1]  warning: secp256k1-sys@0.11.0:       |            ^~~~~~~~~~~~~~~~~~~~~~~~~~~~~~~~~~~~~
[sp1]  warning: secp256k1-sys@0.11.0: depend/secp256k1/src/group.h:66:12: warning: unused function 'rustsecp256k1_v0_11_ge_x_frac_on_curve_var' [-Wunused-function]
[sp1]  warning: secp256k1-sys@0.11.0:    66 | static int rustsecp256k1_v0_11_ge_x_frac_on_curve_var(const rustsecp256k1_v0_11_fe *xn, const rustsecp256k1_v0_11_fe *xd);
[sp1]  warning: secp256k1-sys@0.11.0:       |            ^~~~~~~~~~~~~~~~~~~~~~~~~~~~~~~~~~~~~~~~~~
[sp1]  warning: secp256k1-sys@0.11.0: depend/secp256k1/src/group.h:69:12: warning: unused function 'rustsecp256k1_v0_11_ge_is_infinity' [-Wunused-function]
[sp1]  warning: secp256k1-sys@0.11.0:    69 | static int rustsecp256k1_v0_11_ge_is_infinity(const rustsecp256k1_v0_11_ge *a);
[sp1]  warning: secp256k1-sys@0.11.0:       |            ^~~~~~~~~~~~~~~~~~~~~~~~~~~~~~~~~~
[sp1]  warning: secp256k1-sys@0.11.0: depend/secp256k1/src/group.h:72:12: warning: unused function 'rustsecp256k1_v0_11_ge_is_valid_var' [-Wunused-function]
[sp1]  warning: secp256k1-sys@0.11.0:    72 | static int rustsecp256k1_v0_11_ge_is_valid_var(const rustsecp256k1_v0_11_ge *a);
[sp1]  warning: secp256k1-sys@0.11.0:       |            ^~~~~~~~~~~~~~~~~~~~~~~~~~~~~~~~~~~
[sp1]  warning: secp256k1-sys@0.11.0: depend/secp256k1/src/group.h:75:13: warning: unused function 'rustsecp256k1_v0_11_ge_neg' [-Wunused-function]
[sp1]  warning: secp256k1-sys@0.11.0:    75 | static void rustsecp256k1_v0_11_ge_neg(rustsecp256k1_v0_11_ge *r, const rustsecp256k1_v0_11_ge *a);
[sp1]  warning: secp256k1-sys@0.11.0:       |             ^~~~~~~~~~~~~~~~~~~~~~~~~~
[sp1]  warning: secp256k1-sys@0.11.0: depend/secp256k1/src/group.h:78:13: warning: unused function 'rustsecp256k1_v0_11_ge_set_gej' [-Wunused-function]
[sp1]  warning: secp256k1-sys@0.11.0:    78 | static void rustsecp256k1_v0_11_ge_set_gej(rustsecp256k1_v0_11_ge *r, rustsecp256k1_v0_11_gej *a);
[sp1]  warning: secp256k1-sys@0.11.0:       |             ^~~~~~~~~~~~~~~~~~~~~~~~~~~~~~
[sp1]  warning: secp256k1-sys@0.11.0: depend/secp256k1/src/group.h:81:13: warning: unused function 'rustsecp256k1_v0_11_ge_set_gej_var' [-Wunused-function]
[sp1]  warning: secp256k1-sys@0.11.0:    81 | static void rustsecp256k1_v0_11_ge_set_gej_var(rustsecp256k1_v0_11_ge *r, rustsecp256k1_v0_11_gej *a);
[sp1]  warning: secp256k1-sys@0.11.0:       |             ^~~~~~~~~~~~~~~~~~~~~~~~~~~~~~~~~~
[sp1]  warning: secp256k1-sys@0.11.0: depend/secp256k1/src/group.h:84:13: warning: unused function 'rustsecp256k1_v0_11_ge_set_all_gej_var' [-Wunused-function]
[sp1]  warning: secp256k1-sys@0.11.0:    84 | static void rustsecp256k1_v0_11_ge_set_all_gej_var(rustsecp256k1_v0_11_ge *r, const rustsecp256k1_v0_11_gej *a, size_t len);
[sp1]  warning: secp256k1-sys@0.11.0:       |             ^~~~~~~~~~~~~~~~~~~~~~~~~~~~~~~~~~~~~~
[sp1]  warning: secp256k1-sys@0.11.0: depend/secp256k1/src/group.h:103:13: warning: unused function 'rustsecp256k1_v0_11_ge_table_set_globalz' [-Wunused-function]
[sp1]  warning: secp256k1-sys@0.11.0:   103 | static void rustsecp256k1_v0_11_ge_table_set_globalz(size_t len, rustsecp256k1_v0_11_ge *a, const rustsecp256k1_v0_11_fe *zr);
[sp1]  warning: secp256k1-sys@0.11.0:       |             ^~~~~~~~~~~~~~~~~~~~~~~~~~~~~~~~~~~~~~~~
[sp1]  warning: secp256k1-sys@0.11.0: depend/secp256k1/src/group.h:106:12: warning: unused function 'rustsecp256k1_v0_11_ge_eq_var' [-Wunused-function]
[sp1]  warning: secp256k1-sys@0.11.0:   106 | static int rustsecp256k1_v0_11_ge_eq_var(const rustsecp256k1_v0_11_ge *a, const rustsecp256k1_v0_11_ge *b);
[sp1]  warning: secp256k1-sys@0.11.0:       |            ^~~~~~~~~~~~~~~~~~~~~~~~~~~~~
[sp1]  warning: secp256k1-sys@0.11.0: depend/secp256k1/src/group.h:109:13: warning: unused function 'rustsecp256k1_v0_11_ge_set_infinity' [-Wunused-function]
[sp1]  warning: secp256k1-sys@0.11.0:   109 | static void rustsecp256k1_v0_11_ge_set_infinity(rustsecp256k1_v0_11_ge *r);
[sp1]  warning: secp256k1-sys@0.11.0:       |             ^~~~~~~~~~~~~~~~~~~~~~~~~~~~~~~~~~~
[sp1]  warning: secp256k1-sys@0.11.0: depend/secp256k1/src/group.h:112:13: warning: unused function 'rustsecp256k1_v0_11_gej_set_infinity' [-Wunused-function]
[sp1]  warning: secp256k1-sys@0.11.0:   112 | static void rustsecp256k1_v0_11_gej_set_infinity(rustsecp256k1_v0_11_gej *r);
[sp1]  warning: secp256k1-sys@0.11.0:       |             ^~~~~~~~~~~~~~~~~~~~~~~~~~~~~~~~~~~~
[sp1]  warning: secp256k1-sys@0.11.0: depend/secp256k1/src/group.h:115:13: warning: unused function 'rustsecp256k1_v0_11_gej_set_ge' [-Wunused-function]
[sp1]  warning: secp256k1-sys@0.11.0:   115 | static void rustsecp256k1_v0_11_gej_set_ge(rustsecp256k1_v0_11_gej *r, const rustsecp256k1_v0_11_ge *a);
[sp1]  warning: secp256k1-sys@0.11.0:       |             ^~~~~~~~~~~~~~~~~~~~~~~~~~~~~~
[sp1]  warning: secp256k1-sys@0.11.0: depend/secp256k1/src/group.h:118:12: warning: unused function 'rustsecp256k1_v0_11_gej_eq_var' [-Wunused-function]
[sp1]  warning: secp256k1-sys@0.11.0:   118 | static int rustsecp256k1_v0_11_gej_eq_var(const rustsecp256k1_v0_11_gej *a, const rustsecp256k1_v0_11_gej *b);
[sp1]  warning: secp256k1-sys@0.11.0:       |            ^~~~~~~~~~~~~~~~~~~~~~~~~~~~~~
[sp1]  warning: secp256k1-sys@0.11.0: depend/secp256k1/src/group.h:121:12: warning: unused function 'rustsecp256k1_v0_11_gej_eq_ge_var' [-Wunused-function]
[sp1]  warning: secp256k1-sys@0.11.0:   121 | static int rustsecp256k1_v0_11_gej_eq_ge_var(const rustsecp256k1_v0_11_gej *a, const rustsecp256k1_v0_11_ge *b);
[sp1]  warning: secp256k1-sys@0.11.0:       |            ^~~~~~~~~~~~~~~~~~~~~~~~~~~~~~~~~
[sp1]  warning: secp256k1-sys@0.11.0: depend/secp256k1/src/group.h:125:12: warning: unused function 'rustsecp256k1_v0_11_gej_eq_x_var' [-Wunused-function]
[sp1]  warning: secp256k1-sys@0.11.0:   125 | static int rustsecp256k1_v0_11_gej_eq_x_var(const rustsecp256k1_v0_11_fe *x, const rustsecp256k1_v0_11_gej *a);
[sp1]  warning: secp256k1-sys@0.11.0:       |            ^~~~~~~~~~~~~~~~~~~~~~~~~~~~~~~~
[sp1]  warning: secp256k1-sys@0.11.0: depend/secp256k1/src/group.h:128:13: warning: unused function 'rustsecp256k1_v0_11_gej_neg' [-Wunused-function]
[sp1]  warning: secp256k1-sys@0.11.0:   128 | static void rustsecp256k1_v0_11_gej_neg(rustsecp256k1_v0_11_gej *r, const rustsecp256k1_v0_11_gej *a);
[sp1]  warning: secp256k1-sys@0.11.0:       |             ^~~~~~~~~~~~~~~~~~~~~~~~~~~
[sp1]  warning: secp256k1-sys@0.11.0: depend/secp256k1/src/group.h:131:12: warning: unused function 'rustsecp256k1_v0_11_gej_is_infinity' [-Wunused-function]
[sp1]  warning: secp256k1-sys@0.11.0:   131 | static int rustsecp256k1_v0_11_gej_is_infinity(const rustsecp256k1_v0_11_gej *a);
[sp1]  warning: secp256k1-sys@0.11.0:       |            ^~~~~~~~~~~~~~~~~~~~~~~~~~~~~~~~~~~
[sp1]  warning: secp256k1-sys@0.11.0: depend/secp256k1/src/group.h:134:13: warning: unused function 'rustsecp256k1_v0_11_gej_double' [-Wunused-function]
[sp1]  warning: secp256k1-sys@0.11.0:   134 | static void rustsecp256k1_v0_11_gej_double(rustsecp256k1_v0_11_gej *r, const rustsecp256k1_v0_11_gej *a);
[sp1]  warning: secp256k1-sys@0.11.0:       |             ^~~~~~~~~~~~~~~~~~~~~~~~~~~~~~
[sp1]  warning: secp256k1-sys@0.11.0: depend/secp256k1/src/group.h:137:13: warning: unused function 'rustsecp256k1_v0_11_gej_double_var' [-Wunused-function]
[sp1]  warning: secp256k1-sys@0.11.0:   137 | static void rustsecp256k1_v0_11_gej_double_var(rustsecp256k1_v0_11_gej *r, const rustsecp256k1_v0_11_gej *a, rustsecp256k1_v0_11_fe *rzr);
[sp1]  warning: secp256k1-sys@0.11.0:       |             ^~~~~~~~~~~~~~~~~~~~~~~~~~~~~~~~~~
[sp1]  warning: secp256k1-sys@0.11.0: depend/secp256k1/src/group.h:140:13: warning: unused function 'rustsecp256k1_v0_11_gej_add_var' [-Wunused-function]
[sp1]  warning: secp256k1-sys@0.11.0:   140 | static void rustsecp256k1_v0_11_gej_add_var(rustsecp256k1_v0_11_gej *r, const rustsecp256k1_v0_11_gej *a, const rustsecp256k1_v0_11_gej *b, rustsecp256k1_v0_11_fe *rzr);
[sp1]  warning: secp256k1-sys@0.11.0:       |             ^~~~~~~~~~~~~~~~~~~~~~~~~~~~~~~
[sp1]  warning: secp256k1-sys@0.11.0: depend/secp256k1/src/group.h:143:13: warning: unused function 'rustsecp256k1_v0_11_gej_add_ge' [-Wunused-function]
[sp1]  warning: secp256k1-sys@0.11.0:   143 | static void rustsecp256k1_v0_11_gej_add_ge(rustsecp256k1_v0_11_gej *r, const rustsecp256k1_v0_11_gej *a, const rustsecp256k1_v0_11_ge *b);
[sp1]  warning: secp256k1-sys@0.11.0:       |             ^~~~~~~~~~~~~~~~~~~~~~~~~~~~~~
[sp1]  warning: secp256k1-sys@0.11.0: depend/secp256k1/src/group.h:148:13: warning: unused function 'rustsecp256k1_v0_11_gej_add_ge_var' [-Wunused-function]
[sp1]  warning: secp256k1-sys@0.11.0:   148 | static void rustsecp256k1_v0_11_gej_add_ge_var(rustsecp256k1_v0_11_gej *r, const rustsecp256k1_v0_11_gej *a, const rustsecp256k1_v0_11_ge *b, rustsecp256k1_v0_11_fe *rzr);
[sp1]  warning: secp256k1-sys@0.11.0:       |             ^~~~~~~~~~~~~~~~~~~~~~~~~~~~~~~~~~
[sp1]  warning: secp256k1-sys@0.11.0: depend/secp256k1/src/group.h:151:13: warning: unused function 'rustsecp256k1_v0_11_gej_add_zinv_var' [-Wunused-function]
[sp1]  warning: secp256k1-sys@0.11.0:   151 | static void rustsecp256k1_v0_11_gej_add_zinv_var(rustsecp256k1_v0_11_gej *r, const rustsecp256k1_v0_11_gej *a, const rustsecp256k1_v0_11_ge *b, const rustsecp256k1_v0_11_fe *bzinv);
[sp1]  warning: secp256k1-sys@0.11.0:       |             ^~~~~~~~~~~~~~~~~~~~~~~~~~~~~~~~~~~~
[sp1]  warning: secp256k1-sys@0.11.0: depend/secp256k1/src/group.h:154:13: warning: unused function 'rustsecp256k1_v0_11_ge_mul_lambda' [-Wunused-function]
[sp1]  warning: secp256k1-sys@0.11.0:   154 | static void rustsecp256k1_v0_11_ge_mul_lambda(rustsecp256k1_v0_11_ge *r, const rustsecp256k1_v0_11_ge *a);
[sp1]  warning: secp256k1-sys@0.11.0:       |             ^~~~~~~~~~~~~~~~~~~~~~~~~~~~~~~~~
[sp1]  warning: secp256k1-sys@0.11.0: depend/secp256k1/src/group.h:157:13: warning: unused function 'rustsecp256k1_v0_11_gej_clear' [-Wunused-function]
[sp1]  warning: secp256k1-sys@0.11.0:   157 | static void rustsecp256k1_v0_11_gej_clear(rustsecp256k1_v0_11_gej *r);
[sp1]  warning: secp256k1-sys@0.11.0:       |             ^~~~~~~~~~~~~~~~~~~~~~~~~~~~~
[sp1]  warning: secp256k1-sys@0.11.0: depend/secp256k1/src/group.h:160:13: warning: unused function 'rustsecp256k1_v0_11_ge_clear' [-Wunused-function]
[sp1]  warning: secp256k1-sys@0.11.0:   160 | static void rustsecp256k1_v0_11_ge_clear(rustsecp256k1_v0_11_ge *r);
[sp1]  warning: secp256k1-sys@0.11.0:       |             ^~~~~~~~~~~~~~~~~~~~~~~~~~~~
[sp1]  warning: secp256k1-sys@0.11.0: depend/secp256k1/src/group.h:163:13: warning: unused function 'rustsecp256k1_v0_11_ge_to_storage' [-Wunused-function]
[sp1]  warning: secp256k1-sys@0.11.0:   163 | static void rustsecp256k1_v0_11_ge_to_storage(rustsecp256k1_v0_11_ge_storage *r, const rustsecp256k1_v0_11_ge *a);
[sp1]  warning: secp256k1-sys@0.11.0:       |             ^~~~~~~~~~~~~~~~~~~~~~~~~~~~~~~~~
[sp1]  warning: secp256k1-sys@0.11.0: depend/secp256k1/src/group.h:166:13: warning: unused function 'rustsecp256k1_v0_11_ge_from_storage' [-Wunused-function]
[sp1]  warning: secp256k1-sys@0.11.0:   166 | static void rustsecp256k1_v0_11_ge_from_storage(rustsecp256k1_v0_11_ge *r, const rustsecp256k1_v0_11_ge_storage *a);
[sp1]  warning: secp256k1-sys@0.11.0:       |             ^~~~~~~~~~~~~~~~~~~~~~~~~~~~~~~~~~~
[sp1]  warning: secp256k1-sys@0.11.0: depend/secp256k1/src/group.h:169:13: warning: unused function 'rustsecp256k1_v0_11_gej_cmov' [-Wunused-function]
[sp1]  warning: secp256k1-sys@0.11.0:   169 | static void rustsecp256k1_v0_11_gej_cmov(rustsecp256k1_v0_11_gej *r, const rustsecp256k1_v0_11_gej *a, int flag);
[sp1]  warning: secp256k1-sys@0.11.0:       |             ^~~~~~~~~~~~~~~~~~~~~~~~~~~~
[sp1]  warning: secp256k1-sys@0.11.0: depend/secp256k1/src/group.h:172:13: warning: unused function 'rustsecp256k1_v0_11_ge_storage_cmov' [-Wunused-function]
[sp1]  warning: secp256k1-sys@0.11.0:   172 | static void rustsecp256k1_v0_11_ge_storage_cmov(rustsecp256k1_v0_11_ge_storage *r, const rustsecp256k1_v0_11_ge_storage *a, int flag);
[sp1]  warning: secp256k1-sys@0.11.0:       |             ^~~~~~~~~~~~~~~~~~~~~~~~~~~~~~~~~~~
[sp1]  warning: secp256k1-sys@0.11.0: depend/secp256k1/src/group.h:175:13: warning: unused function 'rustsecp256k1_v0_11_gej_rescale' [-Wunused-function]
[sp1]  warning: secp256k1-sys@0.11.0:   175 | static void rustsecp256k1_v0_11_gej_rescale(rustsecp256k1_v0_11_gej *r, const rustsecp256k1_v0_11_fe *b);
[sp1]  warning: secp256k1-sys@0.11.0:       |             ^~~~~~~~~~~~~~~~~~~~~~~~~~~~~~~
[sp1]  warning: secp256k1-sys@0.11.0: depend/secp256k1/src/group.h:179:13: warning: unused function 'rustsecp256k1_v0_11_ge_to_bytes' [-Wunused-function]
[sp1]  warning: secp256k1-sys@0.11.0:   179 | static void rustsecp256k1_v0_11_ge_to_bytes(unsigned char *buf, const rustsecp256k1_v0_11_ge *a);
[sp1]  warning: secp256k1-sys@0.11.0:       |             ^~~~~~~~~~~~~~~~~~~~~~~~~~~~~~~
[sp1]  warning: secp256k1-sys@0.11.0: depend/secp256k1/src/group.h:183:13: warning: unused function 'rustsecp256k1_v0_11_ge_from_bytes' [-Wunused-function]
[sp1]  warning: secp256k1-sys@0.11.0:   183 | static void rustsecp256k1_v0_11_ge_from_bytes(rustsecp256k1_v0_11_ge *r, const unsigned char *buf);
[sp1]  warning: secp256k1-sys@0.11.0:       |             ^~~~~~~~~~~~~~~~~~~~~~~~~~~~~~~~~
[sp1]  warning: secp256k1-sys@0.11.0: depend/secp256k1/src/group.h:187:13: warning: unused function 'rustsecp256k1_v0_11_ge_to_bytes_ext' [-Wunused-function]
[sp1]  warning: secp256k1-sys@0.11.0:   187 | static void rustsecp256k1_v0_11_ge_to_bytes_ext(unsigned char *data, const rustsecp256k1_v0_11_ge *ge);
[sp1]  warning: secp256k1-sys@0.11.0:       |             ^~~~~~~~~~~~~~~~~~~~~~~~~~~~~~~~~~~
[sp1]  warning: secp256k1-sys@0.11.0: depend/secp256k1/src/group.h:191:13: warning: unused function 'rustsecp256k1_v0_11_ge_from_bytes_ext' [-Wunused-function]
[sp1]  warning: secp256k1-sys@0.11.0:   191 | static void rustsecp256k1_v0_11_ge_from_bytes_ext(rustsecp256k1_v0_11_ge *ge, const unsigned char *data);
[sp1]  warning: secp256k1-sys@0.11.0:       |             ^~~~~~~~~~~~~~~~~~~~~~~~~~~~~~~~~~~~~
[sp1]  warning: secp256k1-sys@0.11.0: depend/secp256k1/src/group.h:202:12: warning: unused function 'rustsecp256k1_v0_11_ge_is_in_correct_subgroup' [-Wunused-function]
[sp1]  warning: secp256k1-sys@0.11.0:   202 | static int rustsecp256k1_v0_11_ge_is_in_correct_subgroup(const rustsecp256k1_v0_11_ge* ge);
[sp1]  warning: secp256k1-sys@0.11.0:       |            ^~~~~~~~~~~~~~~~~~~~~~~~~~~~~~~~~~~~~~~~~~~~~
[sp1]  warning: secp256k1-sys@0.11.0: depend/secp256k1/src/group.h:205:13: warning: unused function 'rustsecp256k1_v0_11_ge_verify' [-Wunused-function]
[sp1]  warning: secp256k1-sys@0.11.0:   205 | static void rustsecp256k1_v0_11_ge_verify(const rustsecp256k1_v0_11_ge *a);
[sp1]  warning: secp256k1-sys@0.11.0:       |             ^~~~~~~~~~~~~~~~~~~~~~~~~~~~~
[sp1]  warning: secp256k1-sys@0.11.0: depend/secp256k1/src/group.h:209:13: warning: unused function 'rustsecp256k1_v0_11_gej_verify' [-Wunused-function]
[sp1]  warning: secp256k1-sys@0.11.0:   209 | static void rustsecp256k1_v0_11_gej_verify(const rustsecp256k1_v0_11_gej *a);
[sp1]  warning: secp256k1-sys@0.11.0:       |             ^~~~~~~~~~~~~~~~~~~~~~~~~~~~~~
[sp1]  warning: secp256k1-sys@0.11.0: In file included from depend/secp256k1/src/precomputed_ecmult_gen.c:4:
[sp1]  warning: secp256k1-sys@0.11.0: In file included from depend/secp256k1/src/ecmult_gen.h:10:
[sp1]  warning: secp256k1-sys@0.11.0: depend/secp256k1/src/scalar.h:23:13: warning: unused function 'rustsecp256k1_v0_11_scalar_clear' [-Wunused-function]
[sp1]  warning: secp256k1-sys@0.11.0:    23 | static void rustsecp256k1_v0_11_scalar_clear(rustsecp256k1_v0_11_scalar *r);
[sp1]  warning: secp256k1-sys@0.11.0:       |             ^~~~~~~~~~~~~~~~~~~~~~~~~~~~~~~~
[sp1]  warning: secp256k1-sys@0.11.0: depend/secp256k1/src/scalar.h:26:17: warning: unused function 'rustsecp256k1_v0_11_scalar_get_bits_limb32' [-Wunused-function]
[sp1]  warning: secp256k1-sys@0.11.0:    26 | static uint32_t rustsecp256k1_v0_11_scalar_get_bits_limb32(const rustsecp256k1_v0_11_scalar *a, unsigned int offset, unsigned int count);
[sp1]  warning: secp256k1-sys@0.11.0:       |                 ^~~~~~~~~~~~~~~~~~~~~~~~~~~~~~~~~~~~~~~~~~
[sp1]  warning: secp256k1-sys@0.11.0: depend/secp256k1/src/scalar.h:29:17: warning: unused function 'rustsecp256k1_v0_11_scalar_get_bits_var' [-Wunused-function]
[sp1]  warning: secp256k1-sys@0.11.0:    29 | static uint32_t rustsecp256k1_v0_11_scalar_get_bits_var(const rustsecp256k1_v0_11_scalar *a, unsigned int offset, unsigned int count);
[sp1]  warning: secp256k1-sys@0.11.0:       |                 ^~~~~~~~~~~~~~~~~~~~~~~~~~~~~~~~~~~~~~~
[sp1]  warning: secp256k1-sys@0.11.0: depend/secp256k1/src/scalar.h:36:13: warning: unused function 'rustsecp256k1_v0_11_scalar_set_b32' [-Wunused-function]
[sp1]  warning: secp256k1-sys@0.11.0:    36 | static void rustsecp256k1_v0_11_scalar_set_b32(rustsecp256k1_v0_11_scalar *r, const unsigned char *bin, int *overflow);
[sp1]  warning: secp256k1-sys@0.11.0:       |             ^~~~~~~~~~~~~~~~~~~~~~~~~~~~~~~~~~
[sp1]  warning: secp256k1-sys@0.11.0: depend/secp256k1/src/scalar.h:40:12: warning: unused function 'rustsecp256k1_v0_11_scalar_set_b32_seckey' [-Wunused-function]
[sp1]  warning: secp256k1-sys@0.11.0:    40 | static int rustsecp256k1_v0_11_scalar_set_b32_seckey(rustsecp256k1_v0_11_scalar *r, const unsigned char *bin);
[sp1]  warning: secp256k1-sys@0.11.0:       |            ^~~~~~~~~~~~~~~~~~~~~~~~~~~~~~~~~~~~~~~~~
[sp1]  warning: secp256k1-sys@0.11.0: depend/secp256k1/src/scalar.h:43:13: warning: unused function 'rustsecp256k1_v0_11_scalar_set_int' [-Wunused-function]
[sp1]  warning: secp256k1-sys@0.11.0:    43 | static void rustsecp256k1_v0_11_scalar_set_int(rustsecp256k1_v0_11_scalar *r, unsigned int v);
[sp1]  warning: secp256k1-sys@0.11.0:       |             ^~~~~~~~~~~~~~~~~~~~~~~~~~~~~~~~~~
[sp1]  warning: secp256k1-sys@0.11.0: depend/secp256k1/src/scalar.h:46:13: warning: unused function 'rustsecp256k1_v0_11_scalar_get_b32' [-Wunused-function]
[sp1]  warning: secp256k1-sys@0.11.0:    46 | static void rustsecp256k1_v0_11_scalar_get_b32(unsigned char *bin, const rustsecp256k1_v0_11_scalar* a);
[sp1]  warning: secp256k1-sys@0.11.0:       |             ^~~~~~~~~~~~~~~~~~~~~~~~~~~~~~~~~~
[sp1]  warning: secp256k1-sys@0.11.0: depend/secp256k1/src/scalar.h:49:12: warning: unused function 'rustsecp256k1_v0_11_scalar_add' [-Wunused-function]
[sp1]  warning: secp256k1-sys@0.11.0:    49 | static int rustsecp256k1_v0_11_scalar_add(rustsecp256k1_v0_11_scalar *r, const rustsecp256k1_v0_11_scalar *a, const rustsecp256k1_v0_11_scalar *b);
[sp1]  warning: secp256k1-sys@0.11.0:       |            ^~~~~~~~~~~~~~~~~~~~~~~~~~~~~~
[sp1]  warning: secp256k1-sys@0.11.0: depend/secp256k1/src/scalar.h:52:13: warning: unused function 'rustsecp256k1_v0_11_scalar_cadd_bit' [-Wunused-function]
[sp1]  warning: secp256k1-sys@0.11.0:    52 | static void rustsecp256k1_v0_11_scalar_cadd_bit(rustsecp256k1_v0_11_scalar *r, unsigned int bit, int flag);
[sp1]  warning: secp256k1-sys@0.11.0:       |             ^~~~~~~~~~~~~~~~~~~~~~~~~~~~~~~~~~~
[sp1]  warning: secp256k1-sys@0.11.0: depend/secp256k1/src/scalar.h:55:13: warning: unused function 'rustsecp256k1_v0_11_scalar_mul' [-Wunused-function]
[sp1]  warning: secp256k1-sys@0.11.0:    55 | static void rustsecp256k1_v0_11_scalar_mul(rustsecp256k1_v0_11_scalar *r, const rustsecp256k1_v0_11_scalar *a, const rustsecp256k1_v0_11_scalar *b);
[sp1]  warning: secp256k1-sys@0.11.0:       |             ^~~~~~~~~~~~~~~~~~~~~~~~~~~~~~
[sp1]  warning: secp256k1-sys@0.11.0: depend/secp256k1/src/scalar.h:58:13: warning: unused function 'rustsecp256k1_v0_11_scalar_inverse' [-Wunused-function]
[sp1]  warning: secp256k1-sys@0.11.0:    58 | static void rustsecp256k1_v0_11_scalar_inverse(rustsecp256k1_v0_11_scalar *r, const rustsecp256k1_v0_11_scalar *a);
[sp1]  warning: secp256k1-sys@0.11.0:       |             ^~~~~~~~~~~~~~~~~~~~~~~~~~~~~~~~~~
[sp1]  warning: secp256k1-sys@0.11.0: depend/secp256k1/src/scalar.h:61:13: warning: unused function 'rustsecp256k1_v0_11_scalar_inverse_var' [-Wunused-function]
[sp1]  warning: secp256k1-sys@0.11.0:    61 | static void rustsecp256k1_v0_11_scalar_inverse_var(rustsecp256k1_v0_11_scalar *r, const rustsecp256k1_v0_11_scalar *a);
[sp1]  warning: secp256k1-sys@0.11.0:       |             ^~~~~~~~~~~~~~~~~~~~~~~~~~~~~~~~~~~~~~
[sp1]  warning: secp256k1-sys@0.11.0: depend/secp256k1/src/scalar.h:64:13: warning: unused function 'rustsecp256k1_v0_11_scalar_negate' [-Wunused-function]
[sp1]  warning: secp256k1-sys@0.11.0:    64 | static void rustsecp256k1_v0_11_scalar_negate(rustsecp256k1_v0_11_scalar *r, const rustsecp256k1_v0_11_scalar *a);
[sp1]  warning: secp256k1-sys@0.11.0:       |             ^~~~~~~~~~~~~~~~~~~~~~~~~~~~~~~~~
[sp1]  warning: secp256k1-sys@0.11.0: depend/secp256k1/src/scalar.h:67:13: warning: unused function 'rustsecp256k1_v0_11_scalar_half' [-Wunused-function]
[sp1]  warning: secp256k1-sys@0.11.0:    67 | static void rustsecp256k1_v0_11_scalar_half(rustsecp256k1_v0_11_scalar *r, const rustsecp256k1_v0_11_scalar *a);
[sp1]  warning: secp256k1-sys@0.11.0:       |             ^~~~~~~~~~~~~~~~~~~~~~~~~~~~~~~
[sp1]  warning: secp256k1-sys@0.11.0: depend/secp256k1/src/scalar.h:70:12: warning: unused function 'rustsecp256k1_v0_11_scalar_is_zero' [-Wunused-function]
[sp1]  warning: secp256k1-sys@0.11.0:    70 | static int rustsecp256k1_v0_11_scalar_is_zero(const rustsecp256k1_v0_11_scalar *a);
[sp1]  warning: secp256k1-sys@0.11.0:       |            ^~~~~~~~~~~~~~~~~~~~~~~~~~~~~~~~~~
[sp1]  warning: secp256k1-sys@0.11.0: depend/secp256k1/src/scalar.h:73:12: warning: unused function 'rustsecp256k1_v0_11_scalar_is_one' [-Wunused-function]
[sp1]  warning: secp256k1-sys@0.11.0:    73 | static int rustsecp256k1_v0_11_scalar_is_one(const rustsecp256k1_v0_11_scalar *a);
[sp1]  warning: secp256k1-sys@0.11.0:       |            ^~~~~~~~~~~~~~~~~~~~~~~~~~~~~~~~~
[sp1]  warning: secp256k1-sys@0.11.0: depend/secp256k1/src/scalar.h:76:12: warning: unused function 'rustsecp256k1_v0_11_scalar_is_even' [-Wunused-function]
[sp1]  warning: secp256k1-sys@0.11.0:    76 | static int rustsecp256k1_v0_11_scalar_is_even(const rustsecp256k1_v0_11_scalar *a);
[sp1]  warning: secp256k1-sys@0.11.0:       |            ^~~~~~~~~~~~~~~~~~~~~~~~~~~~~~~~~~
[sp1]  warning: secp256k1-sys@0.11.0: depend/secp256k1/src/scalar.h:79:12: warning: unused function 'rustsecp256k1_v0_11_scalar_is_high' [-Wunused-function]
[sp1]  warning: secp256k1-sys@0.11.0:    79 | static int rustsecp256k1_v0_11_scalar_is_high(const rustsecp256k1_v0_11_scalar *a);
[sp1]  warning: secp256k1-sys@0.11.0:       |            ^~~~~~~~~~~~~~~~~~~~~~~~~~~~~~~~~~
[sp1]  warning: secp256k1-sys@0.11.0: depend/secp256k1/src/scalar.h:83:12: warning: unused function 'rustsecp256k1_v0_11_scalar_cond_negate' [-Wunused-function]
[sp1]  warning: secp256k1-sys@0.11.0:    83 | static int rustsecp256k1_v0_11_scalar_cond_negate(rustsecp256k1_v0_11_scalar *a, int flag);
[sp1]  warning: secp256k1-sys@0.11.0:       |            ^~~~~~~~~~~~~~~~~~~~~~~~~~~~~~~~~~~~~~
[sp1]  warning: secp256k1-sys@0.11.0: depend/secp256k1/src/scalar.h:86:12: warning: unused function 'rustsecp256k1_v0_11_scalar_eq' [-Wunused-function]
[sp1]  warning: secp256k1-sys@0.11.0:    86 | static int rustsecp256k1_v0_11_scalar_eq(const rustsecp256k1_v0_11_scalar *a, const rustsecp256k1_v0_11_scalar *b);
[sp1]  warning: secp256k1-sys@0.11.0:       |            ^~~~~~~~~~~~~~~~~~~~~~~~~~~~~
[sp1]  warning: secp256k1-sys@0.11.0: depend/secp256k1/src/scalar.h:89:13: warning: unused function 'rustsecp256k1_v0_11_scalar_split_128' [-Wunused-function]
[sp1]  warning: secp256k1-sys@0.11.0:    89 | static void rustsecp256k1_v0_11_scalar_split_128(rustsecp256k1_v0_11_scalar *r1, rustsecp256k1_v0_11_scalar *r2, const rustsecp256k1_v0_11_scalar *k);
[sp1]  warning: secp256k1-sys@0.11.0:       |             ^~~~~~~~~~~~~~~~~~~~~~~~~~~~~~~~~~~~
[sp1]  warning: secp256k1-sys@0.11.0: depend/secp256k1/src/scalar.h:93:13: warning: unused function 'rustsecp256k1_v0_11_scalar_split_lambda' [-Wunused-function]
[sp1]  warning: secp256k1-sys@0.11.0:    93 | static void rustsecp256k1_v0_11_scalar_split_lambda(rustsecp256k1_v0_11_scalar * SECP256K1_RESTRICT r1, rustsecp256k1_v0_11_scalar * SECP256K1_RESTRICT r2, const rustsecp256k1_v0_11_scalar * SECP256K1_RESTRICT k);
[sp1]  warning: secp256k1-sys@0.11.0:       |             ^~~~~~~~~~~~~~~~~~~~~~~~~~~~~~~~~~~~~~~
[sp1]  warning: secp256k1-sys@0.11.0: depend/secp256k1/src/scalar.h:96:13: warning: unused function 'rustsecp256k1_v0_11_scalar_mul_shift_var' [-Wunused-function]
[sp1]  warning: secp256k1-sys@0.11.0:    96 | static void rustsecp256k1_v0_11_scalar_mul_shift_var(rustsecp256k1_v0_11_scalar *r, const rustsecp256k1_v0_11_scalar *a, const rustsecp256k1_v0_11_scalar *b, unsigned int shift);
[sp1]  warning: secp256k1-sys@0.11.0:       |             ^~~~~~~~~~~~~~~~~~~~~~~~~~~~~~~~~~~~~~~~
[sp1]  warning: secp256k1-sys@0.11.0: depend/secp256k1/src/scalar.h:99:13: warning: unused function 'rustsecp256k1_v0_11_scalar_cmov' [-Wunused-function]
[sp1]  warning: secp256k1-sys@0.11.0:    99 | static void rustsecp256k1_v0_11_scalar_cmov(rustsecp256k1_v0_11_scalar *r, const rustsecp256k1_v0_11_scalar *a, int flag);
[sp1]  warning: secp256k1-sys@0.11.0:       |             ^~~~~~~~~~~~~~~~~~~~~~~~~~~~~~~
[sp1]  warning: secp256k1-sys@0.11.0: depend/secp256k1/src/scalar.h:102:13: warning: unused function 'rustsecp256k1_v0_11_scalar_verify' [-Wunused-function]
[sp1]  warning: secp256k1-sys@0.11.0:   102 | static void rustsecp256k1_v0_11_scalar_verify(const rustsecp256k1_v0_11_scalar *r);
[sp1]  warning: secp256k1-sys@0.11.0:       |             ^~~~~~~~~~~~~~~~~~~~~~~~~~~~~~~~~
[sp1]  warning: secp256k1-sys@0.11.0: In file included from depend/secp256k1/src/precomputed_ecmult_gen.c:4:
[sp1]  warning: secp256k1-sys@0.11.0: depend/secp256k1/src/ecmult_gen.h:135:13: warning: unused function 'rustsecp256k1_v0_11_ecmult_gen_context_build' [-Wunused-function]
[sp1]  warning: secp256k1-sys@0.11.0:   135 | static void rustsecp256k1_v0_11_ecmult_gen_context_build(rustsecp256k1_v0_11_ecmult_gen_context* ctx);
[sp1]  warning: secp256k1-sys@0.11.0:       |             ^~~~~~~~~~~~~~~~~~~~~~~~~~~~~~~~~~~~~~~~~~~~
[sp1]  warning: secp256k1-sys@0.11.0: depend/secp256k1/src/ecmult_gen.h:136:13: warning: unused function 'rustsecp256k1_v0_11_ecmult_gen_context_clear' [-Wunused-function]
[sp1]  warning: secp256k1-sys@0.11.0:   136 | static void rustsecp256k1_v0_11_ecmult_gen_context_clear(rustsecp256k1_v0_11_ecmult_gen_context* ctx);
[sp1]  warning: secp256k1-sys@0.11.0:       |             ^~~~~~~~~~~~~~~~~~~~~~~~~~~~~~~~~~~~~~~~~~~~
[sp1]  warning: secp256k1-sys@0.11.0: depend/secp256k1/src/ecmult_gen.h:139:13: warning: unused function 'rustsecp256k1_v0_11_ecmult_gen' [-Wunused-function]
[sp1]  warning: secp256k1-sys@0.11.0:   139 | static void rustsecp256k1_v0_11_ecmult_gen(const rustsecp256k1_v0_11_ecmult_gen_context* ctx, rustsecp256k1_v0_11_gej *r, const rustsecp256k1_v0_11_scalar *a);
[sp1]  warning: secp256k1-sys@0.11.0:       |             ^~~~~~~~~~~~~~~~~~~~~~~~~~~~~~
[sp1]  warning: secp256k1-sys@0.11.0: depend/secp256k1/src/ecmult_gen.h:141:13: warning: unused function 'rustsecp256k1_v0_11_ecmult_gen_blind' [-Wunused-function]
[sp1]  warning: secp256k1-sys@0.11.0:   141 | static void rustsecp256k1_v0_11_ecmult_gen_blind(rustsecp256k1_v0_11_ecmult_gen_context *ctx, const unsigned char *seed32);
[sp1]  warning: secp256k1-sys@0.11.0:       |             ^~~~~~~~~~~~~~~~~~~~~~~~~~~~~~~~~~~~
[sp1]  warning: secp256k1-sys@0.11.0: error: unable to create target: 'No available targets are compatible with triple "riscv64-succinct-zkvm"'
[sp1]  warning: secp256k1-sys@0.11.0: 102 warnings and 1 error generated.
[sp1]  warning: secp256k1-sys@0.11.0: ToolExecError: command did not execute successfully (status code exit status: 1): LC_ALL="C" "cc" "-O3" "-ffunction-sections" "-fdata-sections" "-fPIC" "--target=riscv64-succinct-zkvm" "-I" "depend/secp256k1/" "-I" "depend/secp256k1/include" "-I" "depend/secp256k1/src" "-I" "wasm/wasm-sysroot" "-Wall" "-Wextra" "-DSECP256K1_API=" "-DENABLE_MODULE_ECDH=1" "-DENABLE_MODULE_SCHNORRSIG=1" "-DENABLE_MODULE_EXTRAKEYS=1" "-DENABLE_MODULE_ELLSWIFT=1" "-Dprintf(...)=" "-DECMULT_GEN_PREC_BITS=4" "-DECMULT_WINDOW_SIZE=15" "-DUSE_EXTERNAL_DEFAULT_CALLBACKS=1" "-DENABLE_MODULE_RECOVERY=1" "-o" "/Users/hiroyusai/src/sworn/spikes/zone-spf/guest/target/elf-compilation/riscv64im-succinct-zkvm-elf/release/build/secp256k1-sys-6abf63b1e0cc63bc/out/fce6141bfa9bf74c-precomputed_ecmult_gen.o" "-c" "depend/secp256k1/src/precomputed_ecmult_gen.c"cargo:warning=In file included from depend/secp256k1/src/secp256k1.c:39:
[sp1]  warning: secp256k1-sys@0.11.0: depend/secp256k1/src/hsort_impl.h:30:5: error: call to undeclared library function 'memmove' with type 'void *(void *, const void *, unsigned long)'; ISO C99 and later do not support implicit function declarations [-Wimplicit-function-declaration]
[sp1]  warning: secp256k1-sys@0.11.0:    30 |     memmove(a, b, len);
[sp1]  warning: secp256k1-sys@0.11.0:       |     ^
[sp1]  warning: secp256k1-sys@0.11.0: depend/secp256k1/src/hsort_impl.h:30:5: note: include the header <string.h> or explicitly provide a declaration for 'memmove'
[sp1]  warning: secp256k1-sys@0.11.0: 1 error generated.
[sp1]  warning: secp256k1-sys@0.11.0: ToolExecError: command did not execute successfully (status code exit status: 1): LC_ALL="C" "cc" "-O3" "-ffunction-sections" "-fdata-sections" "-fPIC" "--target=riscv64-succinct-zkvm" "-I" "depend/secp256k1/" "-I" "depend/secp256k1/include" "-I" "depend/secp256k1/src" "-I" "wasm/wasm-sysroot" "-Wall" "-Wextra" "-DSECP256K1_API=" "-DENABLE_MODULE_ECDH=1" "-DENABLE_MODULE_SCHNORRSIG=1" "-DENABLE_MODULE_EXTRAKEYS=1" "-DENABLE_MODULE_ELLSWIFT=1" "-Dprintf(...)=" "-DECMULT_GEN_PREC_BITS=4" "-DECMULT_WINDOW_SIZE=15" "-DUSE_EXTERNAL_DEFAULT_CALLBACKS=1" "-DENABLE_MODULE_RECOVERY=1" "-o" "/Users/hiroyusai/src/sworn/spikes/zone-spf/guest/target/elf-compilation/riscv64im-succinct-zkvm-elf/release/build/secp256k1-sys-6abf63b1e0cc63bc/out/fce6141bfa9bf74c-secp256k1.o" "-c" "depend/secp256k1/src/secp256k1.c"cargo:warning=In file included from depend/secp256k1/src/precomputed_ecmult.c:5:
[sp1]  warning: secp256k1-sys@0.11.0: In file included from depend/secp256k1/src/group.h:10:
[sp1]  warning: secp256k1-sys@0.11.0: depend/secp256k1/src/field.h:111:13: warning: unused function 'rustsecp256k1_v0_11_fe_impl_normalize' [-Wunused-function]
[sp1]  warning: secp256k1-sys@0.11.0:   111 | static void rustsecp256k1_v0_11_fe_normalize(rustsecp256k1_v0_11_fe *r);
[sp1]  warning: secp256k1-sys@0.11.0:       |             ^~~~~~~~~~~~~~~~~~~~~~~~~~~~~~~~
[sp1]  warning: secp256k1-sys@0.11.0: depend/secp256k1/src/field.h:78:44: note: expanded from macro 'rustsecp256k1_v0_11_fe_normalize'
[sp1]  warning: secp256k1-sys@0.11.0:    78 | #  define rustsecp256k1_v0_11_fe_normalize rustsecp256k1_v0_11_fe_impl_normalize
[sp1]  warning: secp256k1-sys@0.11.0:       |                                            ^~~~~~~~~~~~~~~~~~~~~~~~~~~~~~~~~~~~~
[sp1]  warning: secp256k1-sys@0.11.0: depend/secp256k1/src/field.h:118:13: warning: unused function 'rustsecp256k1_v0_11_fe_impl_normalize_weak' [-Wunused-function]
[sp1]  warning: secp256k1-sys@0.11.0:   118 | static void rustsecp256k1_v0_11_fe_normalize_weak(rustsecp256k1_v0_11_fe *r);
[sp1]  warning: secp256k1-sys@0.11.0:       |             ^~~~~~~~~~~~~~~~~~~~~~~~~~~~~~~~~~~~~
[sp1]  warning: secp256k1-sys@0.11.0: depend/secp256k1/src/field.h:79:49: note: expanded from macro 'rustsecp256k1_v0_11_fe_normalize_weak'
[sp1]  warning: secp256k1-sys@0.11.0:    79 | #  define rustsecp256k1_v0_11_fe_normalize_weak rustsecp256k1_v0_11_fe_impl_normalize_weak
[sp1]  warning: secp256k1-sys@0.11.0:       |                                                 ^~~~~~~~~~~~~~~~~~~~~~~~~~~~~~~~~~~~~~~~~~
[sp1]  warning: secp256k1-sys@0.11.0: depend/secp256k1/src/field.h:124:13: warning: unused function 'rustsecp256k1_v0_11_fe_impl_normalize_var' [-Wunused-function]
[sp1]  warning: secp256k1-sys@0.11.0:   124 | static void rustsecp256k1_v0_11_fe_normalize_var(rustsecp256k1_v0_11_fe *r);
[sp1]  warning: secp256k1-sys@0.11.0:       |             ^~~~~~~~~~~~~~~~~~~~~~~~~~~~~~~~~~~~
[sp1]  warning: secp256k1-sys@0.11.0: depend/secp256k1/src/field.h:80:48: note: expanded from macro 'rustsecp256k1_v0_11_fe_normalize_var'
[sp1]  warning: secp256k1-sys@0.11.0:    80 | #  define rustsecp256k1_v0_11_fe_normalize_var rustsecp256k1_v0_11_fe_impl_normalize_var
[sp1]  warning: secp256k1-sys@0.11.0:       |                                                ^~~~~~~~~~~~~~~~~~~~~~~~~~~~~~~~~~~~~~~~~
[sp1]  warning: secp256k1-sys@0.11.0: depend/secp256k1/src/field.h:131:12: warning: unused function 'rustsecp256k1_v0_11_fe_impl_normalizes_to_zero' [-Wunused-function]
[sp1]  warning: secp256k1-sys@0.11.0:   131 | static int rustsecp256k1_v0_11_fe_normalizes_to_zero(const rustsecp256k1_v0_11_fe *r);
[sp1]  warning: secp256k1-sys@0.11.0:       |            ^~~~~~~~~~~~~~~~~~~~~~~~~~~~~~~~~~~~~~~~~
[sp1]  warning: secp256k1-sys@0.11.0: depend/secp256k1/src/field.h:81:53: note: expanded from macro 'rustsecp256k1_v0_11_fe_normalizes_to_zero'
[sp1]  warning: secp256k1-sys@0.11.0:    81 | #  define rustsecp256k1_v0_11_fe_normalizes_to_zero rustsecp256k1_v0_11_fe_impl_normalizes_to_zero
[sp1]  warning: secp256k1-sys@0.11.0:       |                                                     ^~~~~~~~~~~~~~~~~~~~~~~~~~~~~~~~~~~~~~~~~~~~~~
[sp1]  warning: secp256k1-sys@0.11.0: depend/secp256k1/src/field.h:137:12: warning: unused function 'rustsecp256k1_v0_11_fe_impl_normalizes_to_zero_var' [-Wunused-function]
[sp1]  warning: secp256k1-sys@0.11.0:   137 | static int rustsecp256k1_v0_11_fe_normalizes_to_zero_var(const rustsecp256k1_v0_11_fe *r);
[sp1]  warning: secp256k1-sys@0.11.0:       |            ^~~~~~~~~~~~~~~~~~~~~~~~~~~~~~~~~~~~~~~~~~~~~
[sp1]  warning: secp256k1-sys@0.11.0: depend/secp256k1/src/field.h:82:57: note: expanded from macro 'rustsecp256k1_v0_11_fe_normalizes_to_zero_var'
[sp1]  warning: secp256k1-sys@0.11.0:    82 | #  define rustsecp256k1_v0_11_fe_normalizes_to_zero_var rustsecp256k1_v0_11_fe_impl_normalizes_to_zero_var
[sp1]  warning: secp256k1-sys@0.11.0:       |                                                         ^~~~~~~~~~~~~~~~~~~~~~~~~~~~~~~~~~~~~~~~~~~~~~~~~~
[sp1]  warning: secp256k1-sys@0.11.0: depend/secp256k1/src/field.h:144:13: warning: unused function 'rustsecp256k1_v0_11_fe_impl_set_int' [-Wunused-function]
[sp1]  warning: secp256k1-sys@0.11.0:   144 | static void rustsecp256k1_v0_11_fe_set_int(rustsecp256k1_v0_11_fe *r, int a);
[sp1]  warning: secp256k1-sys@0.11.0:       |             ^~~~~~~~~~~~~~~~~~~~~~~~~~~~~~
[sp1]  warning: secp256k1-sys@0.11.0: depend/secp256k1/src/field.h:83:42: note: expanded from macro 'rustsecp256k1_v0_11_fe_set_int'
[sp1]  warning: secp256k1-sys@0.11.0:    83 | #  define rustsecp256k1_v0_11_fe_set_int rustsecp256k1_v0_11_fe_impl_set_int
[sp1]  warning: secp256k1-sys@0.11.0:       |                                          ^~~~~~~~~~~~~~~~~~~~~~~~~~~~~~~~~~~
[sp1]  warning: secp256k1-sys@0.11.0: depend/secp256k1/src/field.h:147:13: warning: unused function 'rustsecp256k1_v0_11_fe_clear' [-Wunused-function]
[sp1]  warning: secp256k1-sys@0.11.0:   147 | static void rustsecp256k1_v0_11_fe_clear(rustsecp256k1_v0_11_fe *a);
[sp1]  warning: secp256k1-sys@0.11.0:       |             ^~~~~~~~~~~~~~~~~~~~~~~~~~~~
[sp1]  warning: secp256k1-sys@0.11.0: depend/secp256k1/src/field.h:157:12: warning: unused function 'rustsecp256k1_v0_11_fe_impl_is_zero' [-Wunused-function]
[sp1]  warning: secp256k1-sys@0.11.0:   157 | static int rustsecp256k1_v0_11_fe_is_zero(const rustsecp256k1_v0_11_fe *a);
[sp1]  warning: secp256k1-sys@0.11.0:       |            ^~~~~~~~~~~~~~~~~~~~~~~~~~~~~~
[sp1]  warning: secp256k1-sys@0.11.0: depend/secp256k1/src/field.h:84:42: note: expanded from macro 'rustsecp256k1_v0_11_fe_is_zero'
[sp1]  warning: secp256k1-sys@0.11.0:    84 | #  define rustsecp256k1_v0_11_fe_is_zero rustsecp256k1_v0_11_fe_impl_is_zero
[sp1]  warning: secp256k1-sys@0.11.0:       |                                          ^~~~~~~~~~~~~~~~~~~~~~~~~~~~~~~~~~~
[sp1]  warning: secp256k1-sys@0.11.0: depend/secp256k1/src/field.h:164:12: warning: unused function 'rustsecp256k1_v0_11_fe_impl_is_odd' [-Wunused-function]
[sp1]  warning: secp256k1-sys@0.11.0:   164 | static int rustsecp256k1_v0_11_fe_is_odd(const rustsecp256k1_v0_11_fe *a);
[sp1]  warning: secp256k1-sys@0.11.0:       |            ^~~~~~~~~~~~~~~~~~~~~~~~~~~~~
[sp1]  warning: secp256k1-sys@0.11.0: depend/secp256k1/src/field.h:85:41: note: expanded from macro 'rustsecp256k1_v0_11_fe_is_odd'
[sp1]  warning: secp256k1-sys@0.11.0:    85 | #  define rustsecp256k1_v0_11_fe_is_odd rustsecp256k1_v0_11_fe_impl_is_odd
[sp1]  warning: secp256k1-sys@0.11.0:       |                                         ^~~~~~~~~~~~~~~~~~~~~~~~~~~~~~~~~~
[sp1]  warning: secp256k1-sys@0.11.0: depend/secp256k1/src/field.h:172:12: warning: unused function 'rustsecp256k1_v0_11_fe_equal' [-Wunused-function]
[sp1]  warning: secp256k1-sys@0.11.0:   172 | static int rustsecp256k1_v0_11_fe_equal(const rustsecp256k1_v0_11_fe *a, const rustsecp256k1_v0_11_fe *b);
[sp1]  warning: secp256k1-sys@0.11.0:       |            ^~~~~~~~~~~~~~~~~~~~~~~~~~~~
[sp1]  warning: secp256k1-sys@0.11.0: depend/secp256k1/src/field.h:180:12: warning: unused function 'rustsecp256k1_v0_11_fe_impl_cmp_var' [-Wunused-function]
[sp1]  warning: secp256k1-sys@0.11.0:   180 | static int rustsecp256k1_v0_11_fe_cmp_var(const rustsecp256k1_v0_11_fe *a, const rustsecp256k1_v0_11_fe *b);
[sp1]  warning: secp256k1-sys@0.11.0:       |            ^~~~~~~~~~~~~~~~~~~~~~~~~~~~~~
[sp1]  warning: secp256k1-sys@0.11.0: depend/secp256k1/src/field.h:86:42: note: expanded from macro 'rustsecp256k1_v0_11_fe_cmp_var'
[sp1]  warning: secp256k1-sys@0.11.0:    86 | #  define rustsecp256k1_v0_11_fe_cmp_var rustsecp256k1_v0_11_fe_impl_cmp_var
[sp1]  warning: secp256k1-sys@0.11.0:       |                                          ^~~~~~~~~~~~~~~~~~~~~~~~~~~~~~~~~~~
[sp1]  warning: secp256k1-sys@0.11.0: depend/secp256k1/src/field.h:188:13: warning: unused function 'rustsecp256k1_v0_11_fe_impl_set_b32_mod' [-Wunused-function]
[sp1]  warning: secp256k1-sys@0.11.0:   188 | static void rustsecp256k1_v0_11_fe_set_b32_mod(rustsecp256k1_v0_11_fe *r, const unsigned char *a);
[sp1]  warning: secp256k1-sys@0.11.0:       |             ^~~~~~~~~~~~~~~~~~~~~~~~~~~~~~~~~~
[sp1]  warning: secp256k1-sys@0.11.0: depend/secp256k1/src/field.h:87:46: note: expanded from macro 'rustsecp256k1_v0_11_fe_set_b32_mod'
[sp1]  warning: secp256k1-sys@0.11.0:    87 | #  define rustsecp256k1_v0_11_fe_set_b32_mod rustsecp256k1_v0_11_fe_impl_set_b32_mod
[sp1]  warning: secp256k1-sys@0.11.0:       |                                              ^~~~~~~~~~~~~~~~~~~~~~~~~~~~~~~~~~~~~~~
[sp1]  warning: secp256k1-sys@0.11.0: depend/secp256k1/src/field.h:196:12: warning: unused function 'rustsecp256k1_v0_11_fe_impl_set_b32_limit' [-Wunused-function]
[sp1]  warning: secp256k1-sys@0.11.0:   196 | static int rustsecp256k1_v0_11_fe_set_b32_limit(rustsecp256k1_v0_11_fe *r, const unsigned char *a);
[sp1]  warning: secp256k1-sys@0.11.0:       |            ^~~~~~~~~~~~~~~~~~~~~~~~~~~~~~~~~~~~
[sp1]  warning: secp256k1-sys@0.11.0: depend/secp256k1/src/field.h:88:48: note: expanded from macro 'rustsecp256k1_v0_11_fe_set_b32_limit'
[sp1]  warning: secp256k1-sys@0.11.0:    88 | #  define rustsecp256k1_v0_11_fe_set_b32_limit rustsecp256k1_v0_11_fe_impl_set_b32_limit
[sp1]  warning: secp256k1-sys@0.11.0:       |                                                ^~~~~~~~~~~~~~~~~~~~~~~~~~~~~~~~~~~~~~~~~
[sp1]  warning: secp256k1-sys@0.11.0: depend/secp256k1/src/field.h:202:13: warning: unused function 'rustsecp256k1_v0_11_fe_impl_get_b32' [-Wunused-function]
[sp1]  warning: secp256k1-sys@0.11.0:   202 | static void rustsecp256k1_v0_11_fe_get_b32(unsigned char *r, const rustsecp256k1_v0_11_fe *a);
[sp1]  warning: secp256k1-sys@0.11.0:       |             ^~~~~~~~~~~~~~~~~~~~~~~~~~~~~~
[sp1]  warning: secp256k1-sys@0.11.0: depend/secp256k1/src/field.h:89:42: note: expanded from macro 'rustsecp256k1_v0_11_fe_get_b32'
[sp1]  warning: secp256k1-sys@0.11.0:    89 | #  define rustsecp256k1_v0_11_fe_get_b32 rustsecp256k1_v0_11_fe_impl_get_b32
[sp1]  warning: secp256k1-sys@0.11.0:       |                                          ^~~~~~~~~~~~~~~~~~~~~~~~~~~~~~~~~~~
[sp1]  warning: secp256k1-sys@0.11.0: depend/secp256k1/src/field.h:217:13: warning: unused function 'rustsecp256k1_v0_11_fe_impl_negate_unchecked' [-Wunused-function]
[sp1]  warning: secp256k1-sys@0.11.0:   217 | static void rustsecp256k1_v0_11_fe_negate_unchecked(rustsecp256k1_v0_11_fe *r, const rustsecp256k1_v0_11_fe *a, int m);
[sp1]  warning: secp256k1-sys@0.11.0:       |             ^~~~~~~~~~~~~~~~~~~~~~~~~~~~~~~~~~~~~~~
[sp1]  warning: secp256k1-sys@0.11.0: depend/secp256k1/src/field.h:90:51: note: expanded from macro 'rustsecp256k1_v0_11_fe_negate_unchecked'
[sp1]  warning: secp256k1-sys@0.11.0:    90 | #  define rustsecp256k1_v0_11_fe_negate_unchecked rustsecp256k1_v0_11_fe_impl_negate_unchecked
[sp1]  warning: secp256k1-sys@0.11.0:       |                                                   ^~~~~~~~~~~~~~~~~~~~~~~~~~~~~~~~~~~~~~~~~~~~
[sp1]  warning: secp256k1-sys@0.11.0: depend/secp256k1/src/field.h:224:13: warning: unused function 'rustsecp256k1_v0_11_fe_impl_add_int' [-Wunused-function]
[sp1]  warning: secp256k1-sys@0.11.0:   224 | static void rustsecp256k1_v0_11_fe_add_int(rustsecp256k1_v0_11_fe *r, int a);
[sp1]  warning: secp256k1-sys@0.11.0:       |             ^~~~~~~~~~~~~~~~~~~~~~~~~~~~~~
[sp1]  warning: secp256k1-sys@0.11.0: depend/secp256k1/src/field.h:102:42: note: expanded from macro 'rustsecp256k1_v0_11_fe_add_int'
[sp1]  warning: secp256k1-sys@0.11.0:   102 | #  define rustsecp256k1_v0_11_fe_add_int rustsecp256k1_v0_11_fe_impl_add_int
[sp1]  warning: secp256k1-sys@0.11.0:       |                                          ^~~~~~~~~~~~~~~~~~~~~~~~~~~~~~~~~~~
[sp1]  warning: secp256k1-sys@0.11.0: depend/secp256k1/src/field.h:239:13: warning: unused function 'rustsecp256k1_v0_11_fe_impl_mul_int_unchecked' [-Wunused-function]
[sp1]  warning: secp256k1-sys@0.11.0:   239 | static void rustsecp256k1_v0_11_fe_mul_int_unchecked(rustsecp256k1_v0_11_fe *r, int a);
[sp1]  warning: secp256k1-sys@0.11.0:       |             ^~~~~~~~~~~~~~~~~~~~~~~~~~~~~~~~~~~~~~~~
[sp1]  warning: secp256k1-sys@0.11.0: depend/secp256k1/src/field.h:91:52: note: expanded from macro 'rustsecp256k1_v0_11_fe_mul_int_unchecked'
[sp1]  warning: secp256k1-sys@0.11.0:    91 | #  define rustsecp256k1_v0_11_fe_mul_int_unchecked rustsecp256k1_v0_11_fe_impl_mul_int_unchecked
[sp1]  warning: secp256k1-sys@0.11.0:       |                                                    ^~~~~~~~~~~~~~~~~~~~~~~~~~~~~~~~~~~~~~~~~~~~~
[sp1]  warning: secp256k1-sys@0.11.0: depend/secp256k1/src/field.h:248:13: warning: unused function 'rustsecp256k1_v0_11_fe_impl_add' [-Wunused-function]
[sp1]  warning: secp256k1-sys@0.11.0:   248 | static void rustsecp256k1_v0_11_fe_add(rustsecp256k1_v0_11_fe *r, const rustsecp256k1_v0_11_fe *a);
[sp1]  warning: secp256k1-sys@0.11.0:       |             ^~~~~~~~~~~~~~~~~~~~~~~~~~
[sp1]  warning: secp256k1-sys@0.11.0: depend/secp256k1/src/field.h:92:38: note: expanded from macro 'rustsecp256k1_v0_11_fe_add'
[sp1]  warning: secp256k1-sys@0.11.0:    92 | #  define rustsecp256k1_v0_11_fe_add rustsecp256k1_v0_11_fe_impl_add
[sp1]  warning: secp256k1-sys@0.11.0:       |                                      ^~~~~~~~~~~~~~~~~~~~~~~~~~~~~~~
[sp1]  warning: secp256k1-sys@0.11.0: depend/secp256k1/src/field.h:258:13: warning: unused function 'rustsecp256k1_v0_11_fe_impl_mul' [-Wunused-function]
[sp1]  warning: secp256k1-sys@0.11.0:   258 | static void rustsecp256k1_v0_11_fe_mul(rustsecp256k1_v0_11_fe *r, const rustsecp256k1_v0_11_fe *a, const rustsecp256k1_v0_11_fe * SECP256K1_RESTRICT b);
[sp1]  warning: secp256k1-sys@0.11.0:       |             ^~~~~~~~~~~~~~~~~~~~~~~~~~
[sp1]  warning: secp256k1-sys@0.11.0: depend/secp256k1/src/field.h:93:38: note: expanded from macro 'rustsecp256k1_v0_11_fe_mul'
[sp1]  warning: secp256k1-sys@0.11.0:    93 | #  define rustsecp256k1_v0_11_fe_mul rustsecp256k1_v0_11_fe_impl_mul
[sp1]  warning: secp256k1-sys@0.11.0:       |                                      ^~~~~~~~~~~~~~~~~~~~~~~~~~~~~~~
[sp1]  warning: secp256k1-sys@0.11.0: depend/secp256k1/src/field.h:267:13: warning: unused function 'rustsecp256k1_v0_11_fe_impl_sqr' [-Wunused-function]
[sp1]  warning: secp256k1-sys@0.11.0:   267 | static void rustsecp256k1_v0_11_fe_sqr(rustsecp256k1_v0_11_fe *r, const rustsecp256k1_v0_11_fe *a);
[sp1]  warning: secp256k1-sys@0.11.0:       |             ^~~~~~~~~~~~~~~~~~~~~~~~~~
[sp1]  warning: secp256k1-sys@0.11.0: depend/secp256k1/src/field.h:94:38: note: expanded from macro 'rustsecp256k1_v0_11_fe_sqr'
[sp1]  warning: secp256k1-sys@0.11.0:    94 | #  define rustsecp256k1_v0_11_fe_sqr rustsecp256k1_v0_11_fe_impl_sqr
[sp1]  warning: secp256k1-sys@0.11.0:       |                                      ^~~~~~~~~~~~~~~~~~~~~~~~~~~~~~~
[sp1]  warning: secp256k1-sys@0.11.0: depend/secp256k1/src/field.h:278:12: warning: unused function 'rustsecp256k1_v0_11_fe_sqrt' [-Wunused-function]
[sp1]  warning: secp256k1-sys@0.11.0:   278 | static int rustsecp256k1_v0_11_fe_sqrt(rustsecp256k1_v0_11_fe * SECP256K1_RESTRICT r, const rustsecp256k1_v0_11_fe * SECP256K1_RESTRICT a);
[sp1]  warning: secp256k1-sys@0.11.0:       |            ^~~~~~~~~~~~~~~~~~~~~~~~~~~
[sp1]  warning: secp256k1-sys@0.11.0: depend/secp256k1/src/field.h:287:13: warning: unused function 'rustsecp256k1_v0_11_fe_impl_inv' [-Wunused-function]
[sp1]  warning: secp256k1-sys@0.11.0:   287 | static void rustsecp256k1_v0_11_fe_inv(rustsecp256k1_v0_11_fe *r, const rustsecp256k1_v0_11_fe *a);
[sp1]  warning: secp256k1-sys@0.11.0:       |             ^~~~~~~~~~~~~~~~~~~~~~~~~~
[sp1]  warning: secp256k1-sys@0.11.0: depend/secp256k1/src/field.h:98:38: note: expanded from macro 'rustsecp256k1_v0_11_fe_inv'
[sp1]  warning: secp256k1-sys@0.11.0:    98 | #  define rustsecp256k1_v0_11_fe_inv rustsecp256k1_v0_11_fe_impl_inv
[sp1]  warning: secp256k1-sys@0.11.0:       |                                      ^~~~~~~~~~~~~~~~~~~~~~~~~~~~~~~
[sp1]  warning: secp256k1-sys@0.11.0: depend/secp256k1/src/field.h:293:13: warning: unused function 'rustsecp256k1_v0_11_fe_impl_inv_var' [-Wunused-function]
[sp1]  warning: secp256k1-sys@0.11.0:   293 | static void rustsecp256k1_v0_11_fe_inv_var(rustsecp256k1_v0_11_fe *r, const rustsecp256k1_v0_11_fe *a);
[sp1]  warning: secp256k1-sys@0.11.0:       |             ^~~~~~~~~~~~~~~~~~~~~~~~~~~~~~
[sp1]  warning: secp256k1-sys@0.11.0: depend/secp256k1/src/field.h:99:42: note: expanded from macro 'rustsecp256k1_v0_11_fe_inv_var'
[sp1]  warning: secp256k1-sys@0.11.0:    99 | #  define rustsecp256k1_v0_11_fe_inv_var rustsecp256k1_v0_11_fe_impl_inv_var
[sp1]  warning: secp256k1-sys@0.11.0:       |                                          ^~~~~~~~~~~~~~~~~~~~~~~~~~~~~~~~~~~
[sp1]  warning: secp256k1-sys@0.11.0: depend/secp256k1/src/field.h:300:13: warning: unused function 'rustsecp256k1_v0_11_fe_impl_to_storage' [-Wunused-function]
[sp1]  warning: secp256k1-sys@0.11.0:   300 | static void rustsecp256k1_v0_11_fe_to_storage(rustsecp256k1_v0_11_fe_storage *r, const rustsecp256k1_v0_11_fe *a);
[sp1]  warning: secp256k1-sys@0.11.0:       |             ^~~~~~~~~~~~~~~~~~~~~~~~~~~~~~~~~
[sp1]  warning: secp256k1-sys@0.11.0: depend/secp256k1/src/field.h:96:45: note: expanded from macro 'rustsecp256k1_v0_11_fe_to_storage'
[sp1]  warning: secp256k1-sys@0.11.0:    96 | #  define rustsecp256k1_v0_11_fe_to_storage rustsecp256k1_v0_11_fe_impl_to_storage
[sp1]  warning: secp256k1-sys@0.11.0:       |                                             ^~~~~~~~~~~~~~~~~~~~~~~~~~~~~~~~~~~~~~
[sp1]  warning: secp256k1-sys@0.11.0: depend/secp256k1/src/field.h:308:13: warning: unused function 'rustsecp256k1_v0_11_fe_impl_from_storage' [-Wunused-function]
[sp1]  warning: secp256k1-sys@0.11.0:   308 | static void rustsecp256k1_v0_11_fe_from_storage(rustsecp256k1_v0_11_fe *r, const rustsecp256k1_v0_11_fe_storage *a);
[sp1]  warning: secp256k1-sys@0.11.0:       |             ^~~~~~~~~~~~~~~~~~~~~~~~~~~~~~~~~~~
[sp1]  warning: secp256k1-sys@0.11.0: depend/secp256k1/src/field.h:97:47: note: expanded from macro 'rustsecp256k1_v0_11_fe_from_storage'
[sp1]  warning: secp256k1-sys@0.11.0:    97 | #  define rustsecp256k1_v0_11_fe_from_storage rustsecp256k1_v0_11_fe_impl_from_storage
[sp1]  warning: secp256k1-sys@0.11.0:       |                                               ^~~~~~~~~~~~~~~~~~~~~~~~~~~~~~~~~~~~~~~~
[sp1]  warning: secp256k1-sys@0.11.0: depend/secp256k1/src/field.h:311:13: warning: unused function 'rustsecp256k1_v0_11_fe_storage_cmov' [-Wunused-function]
[sp1]  warning: secp256k1-sys@0.11.0:   311 | static void rustsecp256k1_v0_11_fe_storage_cmov(rustsecp256k1_v0_11_fe_storage *r, const rustsecp256k1_v0_11_fe_storage *a, int flag);
[sp1]  warning: secp256k1-sys@0.11.0:       |             ^~~~~~~~~~~~~~~~~~~~~~~~~~~~~~~~~~~
[sp1]  warning: secp256k1-sys@0.11.0: depend/secp256k1/src/field.h:321:13: warning: unused function 'rustsecp256k1_v0_11_fe_impl_cmov' [-Wunused-function]
[sp1]  warning: secp256k1-sys@0.11.0:   321 | static void rustsecp256k1_v0_11_fe_cmov(rustsecp256k1_v0_11_fe *r, const rustsecp256k1_v0_11_fe *a, int flag);
[sp1]  warning: secp256k1-sys@0.11.0:       |             ^~~~~~~~~~~~~~~~~~~~~~~~~~~
[sp1]  warning: secp256k1-sys@0.11.0: depend/secp256k1/src/field.h:95:39: note: expanded from macro 'rustsecp256k1_v0_11_fe_cmov'
[sp1]  warning: secp256k1-sys@0.11.0:    95 | #  define rustsecp256k1_v0_11_fe_cmov rustsecp256k1_v0_11_fe_impl_cmov
[sp1]  warning: secp256k1-sys@0.11.0:       |                                       ^~~~~~~~~~~~~~~~~~~~~~~~~~~~~~~~
[sp1]  warning: secp256k1-sys@0.11.0: depend/secp256k1/src/field.h:329:13: warning: unused function 'rustsecp256k1_v0_11_fe_impl_half' [-Wunused-function]
[sp1]  warning: secp256k1-sys@0.11.0:   329 | static void rustsecp256k1_v0_11_fe_half(rustsecp256k1_v0_11_fe *r);
[sp1]  warning: secp256k1-sys@0.11.0:       |             ^~~~~~~~~~~~~~~~~~~~~~~~~~~
[sp1]  warning: secp256k1-sys@0.11.0: depend/secp256k1/src/field.h:101:39: note: expanded from macro 'rustsecp256k1_v0_11_fe_half'
[sp1]  warning: secp256k1-sys@0.11.0:   101 | #  define rustsecp256k1_v0_11_fe_half rustsecp256k1_v0_11_fe_impl_half
[sp1]  warning: secp256k1-sys@0.11.0:       |                                       ^~~~~~~~~~~~~~~~~~~~~~~~~~~~~~~~
[sp1]  warning: secp256k1-sys@0.11.0: depend/secp256k1/src/field.h:334:13: warning: unused function 'rustsecp256k1_v0_11_fe_impl_get_bounds' [-Wunused-function]
[sp1]  warning: secp256k1-sys@0.11.0:   334 | static void rustsecp256k1_v0_11_fe_get_bounds(rustsecp256k1_v0_11_fe *r, int m);
[sp1]  warning: secp256k1-sys@0.11.0:       |             ^~~~~~~~~~~~~~~~~~~~~~~~~~~~~~~~~
[sp1]  warning: secp256k1-sys@0.11.0: depend/secp256k1/src/field.h:100:45: note: expanded from macro 'rustsecp256k1_v0_11_fe_get_bounds'
[sp1]  warning: secp256k1-sys@0.11.0:   100 | #  define rustsecp256k1_v0_11_fe_get_bounds rustsecp256k1_v0_11_fe_impl_get_bounds
[sp1]  warning: secp256k1-sys@0.11.0:       |                                             ^~~~~~~~~~~~~~~~~~~~~~~~~~~~~~~~~~~~~~
[sp1]  warning: secp256k1-sys@0.11.0: depend/secp256k1/src/field.h:340:12: warning: unused function 'rustsecp256k1_v0_11_fe_impl_is_square_var' [-Wunused-function]
[sp1]  warning: secp256k1-sys@0.11.0:   340 | static int rustsecp256k1_v0_11_fe_is_square_var(const rustsecp256k1_v0_11_fe *a);
[sp1]  warning: secp256k1-sys@0.11.0:       |            ^~~~~~~~~~~~~~~~~~~~~~~~~~~~~~~~~~~~
[sp1]  warning: secp256k1-sys@0.11.0: depend/secp256k1/src/field.h:103:48: note: expanded from macro 'rustsecp256k1_v0_11_fe_is_square_var'
[sp1]  warning: secp256k1-sys@0.11.0:   103 | #  define rustsecp256k1_v0_11_fe_is_square_var rustsecp256k1_v0_11_fe_impl_is_square_var
[sp1]  warning: secp256k1-sys@0.11.0:       |                                                ^~~~~~~~~~~~~~~~~~~~~~~~~~~~~~~~~~~~~~~~~
[sp1]  warning: secp256k1-sys@0.11.0: depend/secp256k1/src/field.h:343:13: warning: unused function 'rustsecp256k1_v0_11_fe_verify' [-Wunused-function]
[sp1]  warning: secp256k1-sys@0.11.0:   343 | static void rustsecp256k1_v0_11_fe_verify(const rustsecp256k1_v0_11_fe *a);
[sp1]  warning: secp256k1-sys@0.11.0:       |             ^~~~~~~~~~~~~~~~~~~~~~~~~~~~~
[sp1]  warning: secp256k1-sys@0.11.0: depend/secp256k1/src/field.h:347:13: warning: unused function 'rustsecp256k1_v0_11_fe_verify_magnitude' [-Wunused-function]
[sp1]  warning: secp256k1-sys@0.11.0:   347 | static void rustsecp256k1_v0_11_fe_verify_magnitude(const rustsecp256k1_v0_11_fe *a, int m);
[sp1]  warning: secp256k1-sys@0.11.0:       |             ^~~~~~~~~~~~~~~~~~~~~~~~~~~~~~~~~~~~~~~
[sp1]  warning: secp256k1-sys@0.11.0: In file included from depend/secp256k1/src/precomputed_ecmult.c:5:
[sp1]  warning: secp256k1-sys@0.11.0: depend/secp256k1/src/group.h:56:13: warning: unused function 'rustsecp256k1_v0_11_ge_set_xy' [-Wunused-function]
[sp1]  warning: secp256k1-sys@0.11.0:    56 | static void rustsecp256k1_v0_11_ge_set_xy(rustsecp256k1_v0_11_ge *r, const rustsecp256k1_v0_11_fe *x, const rustsecp256k1_v0_11_fe *y);
[sp1]  warning: secp256k1-sys@0.11.0:       |             ^~~~~~~~~~~~~~~~~~~~~~~~~~~~~
[sp1]  warning: secp256k1-sys@0.11.0: depend/secp256k1/src/group.h:60:12: warning: unused function 'rustsecp256k1_v0_11_ge_set_xo_var' [-Wunused-function]
[sp1]  warning: secp256k1-sys@0.11.0:    60 | static int rustsecp256k1_v0_11_ge_set_xo_var(rustsecp256k1_v0_11_ge *r, const rustsecp256k1_v0_11_fe *x, int odd);
[sp1]  warning: secp256k1-sys@0.11.0:       |            ^~~~~~~~~~~~~~~~~~~~~~~~~~~~~~~~~
[sp1]  warning: secp256k1-sys@0.11.0: depend/secp256k1/src/group.h:63:12: warning: unused function 'rustsecp256k1_v0_11_ge_x_on_curve_var' [-Wunused-function]
[sp1]  warning: secp256k1-sys@0.11.0:    63 | static int rustsecp256k1_v0_11_ge_x_on_curve_var(const rustsecp256k1_v0_11_fe *x);
[sp1]  warning: secp256k1-sys@0.11.0:       |            ^~~~~~~~~~~~~~~~~~~~~~~~~~~~~~~~~~~~~
[sp1]  warning: secp256k1-sys@0.11.0: depend/secp256k1/src/group.h:66:12: warning: unused function 'rustsecp256k1_v0_11_ge_x_frac_on_curve_var' [-Wunused-function]
[sp1]  warning: secp256k1-sys@0.11.0:    66 | static int rustsecp256k1_v0_11_ge_x_frac_on_curve_var(const rustsecp256k1_v0_11_fe *xn, const rustsecp256k1_v0_11_fe *xd);
[sp1]  warning: secp256k1-sys@0.11.0:       |            ^~~~~~~~~~~~~~~~~~~~~~~~~~~~~~~~~~~~~~~~~~
[sp1]  warning: secp256k1-sys@0.11.0: depend/secp256k1/src/group.h:69:12: warning: unused function 'rustsecp256k1_v0_11_ge_is_infinity' [-Wunused-function]
[sp1]  warning: secp256k1-sys@0.11.0:    69 | static int rustsecp256k1_v0_11_ge_is_infinity(const rustsecp256k1_v0_11_ge *a);
[sp1]  warning: secp256k1-sys@0.11.0:       |            ^~~~~~~~~~~~~~~~~~~~~~~~~~~~~~~~~~
[sp1]  warning: secp256k1-sys@0.11.0: depend/secp256k1/src/group.h:72:12: warning: unused function 'rustsecp256k1_v0_11_ge_is_valid_var' [-Wunused-function]
[sp1]  warning: secp256k1-sys@0.11.0:    72 | static int rustsecp256k1_v0_11_ge_is_valid_var(const rustsecp256k1_v0_11_ge *a);
[sp1]  warning: secp256k1-sys@0.11.0:       |            ^~~~~~~~~~~~~~~~~~~~~~~~~~~~~~~~~~~
[sp1]  warning: secp256k1-sys@0.11.0: depend/secp256k1/src/group.h:75:13: warning: unused function 'rustsecp256k1_v0_11_ge_neg' [-Wunused-function]
[sp1]  warning: secp256k1-sys@0.11.0:    75 | static void rustsecp256k1_v0_11_ge_neg(rustsecp256k1_v0_11_ge *r, const rustsecp256k1_v0_11_ge *a);
[sp1]  warning: secp256k1-sys@0.11.0:       |             ^~~~~~~~~~~~~~~~~~~~~~~~~~
[sp1]  warning: secp256k1-sys@0.11.0: depend/secp256k1/src/group.h:78:13: warning: unused function 'rustsecp256k1_v0_11_ge_set_gej' [-Wunused-function]
[sp1]  warning: secp256k1-sys@0.11.0:    78 | static void rustsecp256k1_v0_11_ge_set_gej(rustsecp256k1_v0_11_ge *r, rustsecp256k1_v0_11_gej *a);
[sp1]  warning: secp256k1-sys@0.11.0:       |             ^~~~~~~~~~~~~~~~~~~~~~~~~~~~~~
[sp1]  warning: secp256k1-sys@0.11.0: depend/secp256k1/src/group.h:81:13: warning: unused function 'rustsecp256k1_v0_11_ge_set_gej_var' [-Wunused-function]
[sp1]  warning: secp256k1-sys@0.11.0:    81 | static void rustsecp256k1_v0_11_ge_set_gej_var(rustsecp256k1_v0_11_ge *r, rustsecp256k1_v0_11_gej *a);
[sp1]  warning: secp256k1-sys@0.11.0:       |             ^~~~~~~~~~~~~~~~~~~~~~~~~~~~~~~~~~
[sp1]  warning: secp256k1-sys@0.11.0: depend/secp256k1/src/group.h:84:13: warning: unused function 'rustsecp256k1_v0_11_ge_set_all_gej_var' [-Wunused-function]
[sp1]  warning: secp256k1-sys@0.11.0:    84 | static void rustsecp256k1_v0_11_ge_set_all_gej_var(rustsecp256k1_v0_11_ge *r, const rustsecp256k1_v0_11_gej *a, size_t len);
[sp1]  warning: secp256k1-sys@0.11.0:       |             ^~~~~~~~~~~~~~~~~~~~~~~~~~~~~~~~~~~~~~
[sp1]  warning: secp256k1-sys@0.11.0: depend/secp256k1/src/group.h:103:13: warning: unused function 'rustsecp256k1_v0_11_ge_table_set_globalz' [-Wunused-function]
[sp1]  warning: secp256k1-sys@0.11.0:   103 | static void rustsecp256k1_v0_11_ge_table_set_globalz(size_t len, rustsecp256k1_v0_11_ge *a, const rustsecp256k1_v0_11_fe *zr);
[sp1]  warning: secp256k1-sys@0.11.0:       |             ^~~~~~~~~~~~~~~~~~~~~~~~~~~~~~~~~~~~~~~~
[sp1]  warning: secp256k1-sys@0.11.0: depend/secp256k1/src/group.h:106:12: warning: unused function 'rustsecp256k1_v0_11_ge_eq_var' [-Wunused-function]
[sp1]  warning: secp256k1-sys@0.11.0:   106 | static int rustsecp256k1_v0_11_ge_eq_var(const rustsecp256k1_v0_11_ge *a, const rustsecp256k1_v0_11_ge *b);
[sp1]  warning: secp256k1-sys@0.11.0:       |            ^~~~~~~~~~~~~~~~~~~~~~~~~~~~~
[sp1]  warning: secp256k1-sys@0.11.0: depend/secp256k1/src/group.h:109:13: warning: unused function 'rustsecp256k1_v0_11_ge_set_infinity' [-Wunused-function]
[sp1]  warning: secp256k1-sys@0.11.0:   109 | static void rustsecp256k1_v0_11_ge_set_infinity(rustsecp256k1_v0_11_ge *r);
[sp1]  warning: secp256k1-sys@0.11.0:       |             ^~~~~~~~~~~~~~~~~~~~~~~~~~~~~~~~~~~
[sp1]  warning: secp256k1-sys@0.11.0: depend/secp256k1/src/group.h:112:13: warning: unused function 'rustsecp256k1_v0_11_gej_set_infinity' [-Wunused-function]
[sp1]  warning: secp256k1-sys@0.11.0:   112 | static void rustsecp256k1_v0_11_gej_set_infinity(rustsecp256k1_v0_11_gej *r);
[sp1]  warning: secp256k1-sys@0.11.0:       |             ^~~~~~~~~~~~~~~~~~~~~~~~~~~~~~~~~~~~
[sp1]  warning: secp256k1-sys@0.11.0: depend/secp256k1/src/group.h:115:13: warning: unused function 'rustsecp256k1_v0_11_gej_set_ge' [-Wunused-function]
[sp1]  warning: secp256k1-sys@0.11.0:   115 | static void rustsecp256k1_v0_11_gej_set_ge(rustsecp256k1_v0_11_gej *r, const rustsecp256k1_v0_11_ge *a);
[sp1]  warning: secp256k1-sys@0.11.0:       |             ^~~~~~~~~~~~~~~~~~~~~~~~~~~~~~
[sp1]  warning: secp256k1-sys@0.11.0: depend/secp256k1/src/group.h:118:12: warning: unused function 'rustsecp256k1_v0_11_gej_eq_var' [-Wunused-function]
[sp1]  warning: secp256k1-sys@0.11.0:   118 | static int rustsecp256k1_v0_11_gej_eq_var(const rustsecp256k1_v0_11_gej *a, const rustsecp256k1_v0_11_gej *b);
[sp1]  warning: secp256k1-sys@0.11.0:       |            ^~~~~~~~~~~~~~~~~~~~~~~~~~~~~~
[sp1]  warning: secp256k1-sys@0.11.0: depend/secp256k1/src/group.h:121:12: warning: unused function 'rustsecp256k1_v0_11_gej_eq_ge_var' [-Wunused-function]
[sp1]  warning: secp256k1-sys@0.11.0:   121 | static int rustsecp256k1_v0_11_gej_eq_ge_var(const rustsecp256k1_v0_11_gej *a, const rustsecp256k1_v0_11_ge *b);
[sp1]  warning: secp256k1-sys@0.11.0:       |            ^~~~~~~~~~~~~~~~~~~~~~~~~~~~~~~~~
[sp1]  warning: secp256k1-sys@0.11.0: depend/secp256k1/src/group.h:125:12: warning: unused function 'rustsecp256k1_v0_11_gej_eq_x_var' [-Wunused-function]
[sp1]  warning: secp256k1-sys@0.11.0:   125 | static int rustsecp256k1_v0_11_gej_eq_x_var(const rustsecp256k1_v0_11_fe *x, const rustsecp256k1_v0_11_gej *a);
[sp1]  warning: secp256k1-sys@0.11.0:       |            ^~~~~~~~~~~~~~~~~~~~~~~~~~~~~~~~
[sp1]  warning: secp256k1-sys@0.11.0: depend/secp256k1/src/group.h:128:13: warning: unused function 'rustsecp256k1_v0_11_gej_neg' [-Wunused-function]
[sp1]  warning: secp256k1-sys@0.11.0:   128 | static void rustsecp256k1_v0_11_gej_neg(rustsecp256k1_v0_11_gej *r, const rustsecp256k1_v0_11_gej *a);
[sp1]  warning: secp256k1-sys@0.11.0:       |             ^~~~~~~~~~~~~~~~~~~~~~~~~~~
[sp1]  warning: secp256k1-sys@0.11.0: depend/secp256k1/src/group.h:131:12: warning: unused function 'rustsecp256k1_v0_11_gej_is_infinity' [-Wunused-function]
[sp1]  warning: secp256k1-sys@0.11.0:   131 | static int rustsecp256k1_v0_11_gej_is_infinity(const rustsecp256k1_v0_11_gej *a);
[sp1]  warning: secp256k1-sys@0.11.0:       |            ^~~~~~~~~~~~~~~~~~~~~~~~~~~~~~~~~~~
[sp1]  warning: secp256k1-sys@0.11.0: depend/secp256k1/src/group.h:134:13: warning: unused function 'rustsecp256k1_v0_11_gej_double' [-Wunused-function]
[sp1]  warning: secp256k1-sys@0.11.0:   134 | static void rustsecp256k1_v0_11_gej_double(rustsecp256k1_v0_11_gej *r, const rustsecp256k1_v0_11_gej *a);
[sp1]  warning: secp256k1-sys@0.11.0:       |             ^~~~~~~~~~~~~~~~~~~~~~~~~~~~~~
[sp1]  warning: secp256k1-sys@0.11.0: depend/secp256k1/src/group.h:137:13: warning: unused function 'rustsecp256k1_v0_11_gej_double_var' [-Wunused-function]
[sp1]  warning: secp256k1-sys@0.11.0:   137 | static void rustsecp256k1_v0_11_gej_double_var(rustsecp256k1_v0_11_gej *r, const rustsecp256k1_v0_11_gej *a, rustsecp256k1_v0_11_fe *rzr);
[sp1]  warning: secp256k1-sys@0.11.0:       |             ^~~~~~~~~~~~~~~~~~~~~~~~~~~~~~~~~~
[sp1]  warning: secp256k1-sys@0.11.0: depend/secp256k1/src/group.h:140:13: warning: unused function 'rustsecp256k1_v0_11_gej_add_var' [-Wunused-function]
[sp1]  warning: secp256k1-sys@0.11.0:   140 | static void rustsecp256k1_v0_11_gej_add_var(rustsecp256k1_v0_11_gej *r, const rustsecp256k1_v0_11_gej *a, const rustsecp256k1_v0_11_gej *b, rustsecp256k1_v0_11_fe *rzr);
[sp1]  warning: secp256k1-sys@0.11.0:       |             ^~~~~~~~~~~~~~~~~~~~~~~~~~~~~~~
[sp1]  warning: secp256k1-sys@0.11.0: depend/secp256k1/src/group.h:143:13: warning: unused function 'rustsecp256k1_v0_11_gej_add_ge' [-Wunused-function]
[sp1]  warning: secp256k1-sys@0.11.0:   143 | static void rustsecp256k1_v0_11_gej_add_ge(rustsecp256k1_v0_11_gej *r, const rustsecp256k1_v0_11_gej *a, const rustsecp256k1_v0_11_ge *b);
[sp1]  warning: secp256k1-sys@0.11.0:       |             ^~~~~~~~~~~~~~~~~~~~~~~~~~~~~~
[sp1]  warning: secp256k1-sys@0.11.0: depend/secp256k1/src/group.h:148:13: warning: unused function 'rustsecp256k1_v0_11_gej_add_ge_var' [-Wunused-function]
[sp1]  warning: secp256k1-sys@0.11.0:   148 | static void rustsecp256k1_v0_11_gej_add_ge_var(rustsecp256k1_v0_11_gej *r, const rustsecp256k1_v0_11_gej *a, const rustsecp256k1_v0_11_ge *b, rustsecp256k1_v0_11_fe *rzr);
[sp1]  warning: secp256k1-sys@0.11.0:       |             ^~~~~~~~~~~~~~~~~~~~~~~~~~~~~~~~~~
[sp1]  warning: secp256k1-sys@0.11.0: depend/secp256k1/src/group.h:151:13: warning: unused function 'rustsecp256k1_v0_11_gej_add_zinv_var' [-Wunused-function]
[sp1]  warning: secp256k1-sys@0.11.0:   151 | static void rustsecp256k1_v0_11_gej_add_zinv_var(rustsecp256k1_v0_11_gej *r, const rustsecp256k1_v0_11_gej *a, const rustsecp256k1_v0_11_ge *b, const rustsecp256k1_v0_11_fe *bzinv);
[sp1]  warning: secp256k1-sys@0.11.0:       |             ^~~~~~~~~~~~~~~~~~~~~~~~~~~~~~~~~~~~
[sp1]  warning: secp256k1-sys@0.11.0: depend/secp256k1/src/group.h:154:13: warning: unused function 'rustsecp256k1_v0_11_ge_mul_lambda' [-Wunused-function]
[sp1]  warning: secp256k1-sys@0.11.0:   154 | static void rustsecp256k1_v0_11_ge_mul_lambda(rustsecp256k1_v0_11_ge *r, const rustsecp256k1_v0_11_ge *a);
[sp1]  warning: secp256k1-sys@0.11.0:       |             ^~~~~~~~~~~~~~~~~~~~~~~~~~~~~~~~~
[sp1]  warning: secp256k1-sys@0.11.0: depend/secp256k1/src/group.h:157:13: warning: unused function 'rustsecp256k1_v0_11_gej_clear' [-Wunused-function]
[sp1]  warning: secp256k1-sys@0.11.0:   157 | static void rustsecp256k1_v0_11_gej_clear(rustsecp256k1_v0_11_gej *r);
[sp1]  warning: secp256k1-sys@0.11.0:       |             ^~~~~~~~~~~~~~~~~~~~~~~~~~~~~
[sp1]  warning: secp256k1-sys@0.11.0: depend/secp256k1/src/group.h:160:13: warning: unused function 'rustsecp256k1_v0_11_ge_clear' [-Wunused-function]
[sp1]  warning: secp256k1-sys@0.11.0:   160 | static void rustsecp256k1_v0_11_ge_clear(rustsecp256k1_v0_11_ge *r);
[sp1]  warning: secp256k1-sys@0.11.0:       |             ^~~~~~~~~~~~~~~~~~~~~~~~~~~~
[sp1]  warning: secp256k1-sys@0.11.0: depend/secp256k1/src/group.h:163:13: warning: unused function 'rustsecp256k1_v0_11_ge_to_storage' [-Wunused-function]
[sp1]  warning: secp256k1-sys@0.11.0:   163 | static void rustsecp256k1_v0_11_ge_to_storage(rustsecp256k1_v0_11_ge_storage *r, const rustsecp256k1_v0_11_ge *a);
[sp1]  warning: secp256k1-sys@0.11.0:       |             ^~~~~~~~~~~~~~~~~~~~~~~~~~~~~~~~~
[sp1]  warning: secp256k1-sys@0.11.0: depend/secp256k1/src/group.h:166:13: warning: unused function 'rustsecp256k1_v0_11_ge_from_storage' [-Wunused-function]
[sp1]  warning: secp256k1-sys@0.11.0:   166 | static void rustsecp256k1_v0_11_ge_from_storage(rustsecp256k1_v0_11_ge *r, const rustsecp256k1_v0_11_ge_storage *a);
[sp1]  warning: secp256k1-sys@0.11.0:       |             ^~~~~~~~~~~~~~~~~~~~~~~~~~~~~~~~~~~
[sp1]  warning: secp256k1-sys@0.11.0: depend/secp256k1/src/group.h:169:13: warning: unused function 'rustsecp256k1_v0_11_gej_cmov' [-Wunused-function]
[sp1]  warning: secp256k1-sys@0.11.0:   169 | static void rustsecp256k1_v0_11_gej_cmov(rustsecp256k1_v0_11_gej *r, const rustsecp256k1_v0_11_gej *a, int flag);
[sp1]  warning: secp256k1-sys@0.11.0:       |             ^~~~~~~~~~~~~~~~~~~~~~~~~~~~
[sp1]  warning: secp256k1-sys@0.11.0: depend/secp256k1/src/group.h:172:13: warning: unused function 'rustsecp256k1_v0_11_ge_storage_cmov' [-Wunused-function]
[sp1]  warning: secp256k1-sys@0.11.0:   172 | static void rustsecp256k1_v0_11_ge_storage_cmov(rustsecp256k1_v0_11_ge_storage *r, const rustsecp256k1_v0_11_ge_storage *a, int flag);
[sp1]  warning: secp256k1-sys@0.11.0:       |             ^~~~~~~~~~~~~~~~~~~~~~~~~~~~~~~~~~~
[sp1]  warning: secp256k1-sys@0.11.0: depend/secp256k1/src/group.h:175:13: warning: unused function 'rustsecp256k1_v0_11_gej_rescale' [-Wunused-function]
[sp1]  warning: secp256k1-sys@0.11.0:   175 | static void rustsecp256k1_v0_11_gej_rescale(rustsecp256k1_v0_11_gej *r, const rustsecp256k1_v0_11_fe *b);
[sp1]  warning: secp256k1-sys@0.11.0:       |             ^~~~~~~~~~~~~~~~~~~~~~~~~~~~~~~
[sp1]  warning: secp256k1-sys@0.11.0: depend/secp256k1/src/group.h:179:13: warning: unused function 'rustsecp256k1_v0_11_ge_to_bytes' [-Wunused-function]
[sp1]  warning: secp256k1-sys@0.11.0:   179 | static void rustsecp256k1_v0_11_ge_to_bytes(unsigned char *buf, const rustsecp256k1_v0_11_ge *a);
[sp1]  warning: secp256k1-sys@0.11.0:       |             ^~~~~~~~~~~~~~~~~~~~~~~~~~~~~~~
[sp1]  warning: secp256k1-sys@0.11.0: depend/secp256k1/src/group.h:183:13: warning: unused function 'rustsecp256k1_v0_11_ge_from_bytes' [-Wunused-function]
[sp1]  warning: secp256k1-sys@0.11.0:   183 | static void rustsecp256k1_v0_11_ge_from_bytes(rustsecp256k1_v0_11_ge *r, const unsigned char *buf);
[sp1]  warning: secp256k1-sys@0.11.0:       |             ^~~~~~~~~~~~~~~~~~~~~~~~~~~~~~~~~
[sp1]  warning: secp256k1-sys@0.11.0: depend/secp256k1/src/group.h:187:13: warning: unused function 'rustsecp256k1_v0_11_ge_to_bytes_ext' [-Wunused-function]
[sp1]  warning: secp256k1-sys@0.11.0:   187 | static void rustsecp256k1_v0_11_ge_to_bytes_ext(unsigned char *data, const rustsecp256k1_v0_11_ge *ge);
[sp1]  warning: secp256k1-sys@0.11.0:       |             ^~~~~~~~~~~~~~~~~~~~~~~~~~~~~~~~~~~
[sp1]  warning: secp256k1-sys@0.11.0: depend/secp256k1/src/group.h:191:13: warning: unused function 'rustsecp256k1_v0_11_ge_from_bytes_ext' [-Wunused-function]
[sp1]  warning: secp256k1-sys@0.11.0:   191 | static void rustsecp256k1_v0_11_ge_from_bytes_ext(rustsecp256k1_v0_11_ge *ge, const unsigned char *data);
[sp1]  warning: secp256k1-sys@0.11.0:       |             ^~~~~~~~~~~~~~~~~~~~~~~~~~~~~~~~~~~~~
[sp1]  warning: secp256k1-sys@0.11.0: depend/secp256k1/src/group.h:202:12: warning: unused function 'rustsecp256k1_v0_11_ge_is_in_correct_subgroup' [-Wunused-function]
[sp1]  warning: secp256k1-sys@0.11.0:   202 | static int rustsecp256k1_v0_11_ge_is_in_correct_subgroup(const rustsecp256k1_v0_11_ge* ge);
[sp1]  warning: secp256k1-sys@0.11.0:       |            ^~~~~~~~~~~~~~~~~~~~~~~~~~~~~~~~~~~~~~~~~~~~~
[sp1]  warning: secp256k1-sys@0.11.0: depend/secp256k1/src/group.h:205:13: warning: unused function 'rustsecp256k1_v0_11_ge_verify' [-Wunused-function]
[sp1]  warning: secp256k1-sys@0.11.0:   205 | static void rustsecp256k1_v0_11_ge_verify(const rustsecp256k1_v0_11_ge *a);
[sp1]  warning: secp256k1-sys@0.11.0:       |             ^~~~~~~~~~~~~~~~~~~~~~~~~~~~~
[sp1]  warning: secp256k1-sys@0.11.0: depend/secp256k1/src/group.h:209:13: warning: unused function 'rustsecp256k1_v0_11_gej_verify' [-Wunused-function]
[sp1]  warning: secp256k1-sys@0.11.0:   209 | static void rustsecp256k1_v0_11_gej_verify(const rustsecp256k1_v0_11_gej *a);
[sp1]  warning: secp256k1-sys@0.11.0:       |             ^~~~~~~~~~~~~~~~~~~~~~~~~~~~~~
[sp1]  warning: secp256k1-sys@0.11.0: In file included from depend/secp256k1/src/precomputed_ecmult.c:6:
[sp1]  warning: secp256k1-sys@0.11.0: In file included from depend/secp256k1/src/ecmult.h:11:
[sp1]  warning: secp256k1-sys@0.11.0: depend/secp256k1/src/scalar.h:23:13: warning: unused function 'rustsecp256k1_v0_11_scalar_clear' [-Wunused-function]
[sp1]  warning: secp256k1-sys@0.11.0:    23 | static void rustsecp256k1_v0_11_scalar_clear(rustsecp256k1_v0_11_scalar *r);
[sp1]  warning: secp256k1-sys@0.11.0:       |             ^~~~~~~~~~~~~~~~~~~~~~~~~~~~~~~~
[sp1]  warning: secp256k1-sys@0.11.0: depend/secp256k1/src/scalar.h:26:17: warning: unused function 'rustsecp256k1_v0_11_scalar_get_bits_limb32' [-Wunused-function]
[sp1]  warning: secp256k1-sys@0.11.0:    26 | static uint32_t rustsecp256k1_v0_11_scalar_get_bits_limb32(const rustsecp256k1_v0_11_scalar *a, unsigned int offset, unsigned int count);
[sp1]  warning: secp256k1-sys@0.11.0:       |                 ^~~~~~~~~~~~~~~~~~~~~~~~~~~~~~~~~~~~~~~~~~
[sp1]  warning: secp256k1-sys@0.11.0: depend/secp256k1/src/scalar.h:29:17: warning: unused function 'rustsecp256k1_v0_11_scalar_get_bits_var' [-Wunused-function]
[sp1]  warning: secp256k1-sys@0.11.0:    29 | static uint32_t rustsecp256k1_v0_11_scalar_get_bits_var(const rustsecp256k1_v0_11_scalar *a, unsigned int offset, unsigned int count);
[sp1]  warning: secp256k1-sys@0.11.0:       |                 ^~~~~~~~~~~~~~~~~~~~~~~~~~~~~~~~~~~~~~~
[sp1]  warning: secp256k1-sys@0.11.0: depend/secp256k1/src/scalar.h:36:13: warning: unused function 'rustsecp256k1_v0_11_scalar_set_b32' [-Wunused-function]
[sp1]  warning: secp256k1-sys@0.11.0:    36 | static void rustsecp256k1_v0_11_scalar_set_b32(rustsecp256k1_v0_11_scalar *r, const unsigned char *bin, int *overflow);
[sp1]  warning: secp256k1-sys@0.11.0:       |             ^~~~~~~~~~~~~~~~~~~~~~~~~~~~~~~~~~
[sp1]  warning: secp256k1-sys@0.11.0: depend/secp256k1/src/scalar.h:40:12: warning: unused function 'rustsecp256k1_v0_11_scalar_set_b32_seckey' [-Wunused-function]
[sp1]  warning: secp256k1-sys@0.11.0:    40 | static int rustsecp256k1_v0_11_scalar_set_b32_seckey(rustsecp256k1_v0_11_scalar *r, const unsigned char *bin);
[sp1]  warning: secp256k1-sys@0.11.0:       |            ^~~~~~~~~~~~~~~~~~~~~~~~~~~~~~~~~~~~~~~~~
[sp1]  warning: secp256k1-sys@0.11.0: depend/secp256k1/src/scalar.h:43:13: warning: unused function 'rustsecp256k1_v0_11_scalar_set_int' [-Wunused-function]
[sp1]  warning: secp256k1-sys@0.11.0:    43 | static void rustsecp256k1_v0_11_scalar_set_int(rustsecp256k1_v0_11_scalar *r, unsigned int v);
[sp1]  warning: secp256k1-sys@0.11.0:       |             ^~~~~~~~~~~~~~~~~~~~~~~~~~~~~~~~~~
[sp1]  warning: secp256k1-sys@0.11.0: depend/secp256k1/src/scalar.h:46:13: warning: unused function 'rustsecp256k1_v0_11_scalar_get_b32' [-Wunused-function]
[sp1]  warning: secp256k1-sys@0.11.0:    46 | static void rustsecp256k1_v0_11_scalar_get_b32(unsigned char *bin, const rustsecp256k1_v0_11_scalar* a);
[sp1]  warning: secp256k1-sys@0.11.0:       |             ^~~~~~~~~~~~~~~~~~~~~~~~~~~~~~~~~~
[sp1]  warning: secp256k1-sys@0.11.0: depend/secp256k1/src/scalar.h:49:12: warning: unused function 'rustsecp256k1_v0_11_scalar_add' [-Wunused-function]
[sp1]  warning: secp256k1-sys@0.11.0:    49 | static int rustsecp256k1_v0_11_scalar_add(rustsecp256k1_v0_11_scalar *r, const rustsecp256k1_v0_11_scalar *a, const rustsecp256k1_v0_11_scalar *b);
[sp1]  warning: secp256k1-sys@0.11.0:       |            ^~~~~~~~~~~~~~~~~~~~~~~~~~~~~~
[sp1]  warning: secp256k1-sys@0.11.0: depend/secp256k1/src/scalar.h:52:13: warning: unused function 'rustsecp256k1_v0_11_scalar_cadd_bit' [-Wunused-function]
[sp1]  warning: secp256k1-sys@0.11.0:    52 | static void rustsecp256k1_v0_11_scalar_cadd_bit(rustsecp256k1_v0_11_scalar *r, unsigned int bit, int flag);
[sp1]  warning: secp256k1-sys@0.11.0:       |             ^~~~~~~~~~~~~~~~~~~~~~~~~~~~~~~~~~~
[sp1]  warning: secp256k1-sys@0.11.0: depend/secp256k1/src/scalar.h:55:13: warning: unused function 'rustsecp256k1_v0_11_scalar_mul' [-Wunused-function]
[sp1]  warning: secp256k1-sys@0.11.0:    55 | static void rustsecp256k1_v0_11_scalar_mul(rustsecp256k1_v0_11_scalar *r, const rustsecp256k1_v0_11_scalar *a, const rustsecp256k1_v0_11_scalar *b);
[sp1]  warning: secp256k1-sys@0.11.0:       |             ^~~~~~~~~~~~~~~~~~~~~~~~~~~~~~
[sp1]  warning: secp256k1-sys@0.11.0: depend/secp256k1/src/scalar.h:58:13: warning: unused function 'rustsecp256k1_v0_11_scalar_inverse' [-Wunused-function]
[sp1]  warning: secp256k1-sys@0.11.0:    58 | static void rustsecp256k1_v0_11_scalar_inverse(rustsecp256k1_v0_11_scalar *r, const rustsecp256k1_v0_11_scalar *a);
[sp1]  warning: secp256k1-sys@0.11.0:       |             ^~~~~~~~~~~~~~~~~~~~~~~~~~~~~~~~~~
[sp1]  warning: secp256k1-sys@0.11.0: depend/secp256k1/src/scalar.h:61:13: warning: unused function 'rustsecp256k1_v0_11_scalar_inverse_var' [-Wunused-function]
[sp1]  warning: secp256k1-sys@0.11.0:    61 | static void rustsecp256k1_v0_11_scalar_inverse_var(rustsecp256k1_v0_11_scalar *r, const rustsecp256k1_v0_11_scalar *a);
[sp1]  warning: secp256k1-sys@0.11.0:       |             ^~~~~~~~~~~~~~~~~~~~~~~~~~~~~~~~~~~~~~
[sp1]  warning: secp256k1-sys@0.11.0: depend/secp256k1/src/scalar.h:64:13: warning: unused function 'rustsecp256k1_v0_11_scalar_negate' [-Wunused-function]
[sp1]  warning: secp256k1-sys@0.11.0:    64 | static void rustsecp256k1_v0_11_scalar_negate(rustsecp256k1_v0_11_scalar *r, const rustsecp256k1_v0_11_scalar *a);
[sp1]  warning: secp256k1-sys@0.11.0:       |             ^~~~~~~~~~~~~~~~~~~~~~~~~~~~~~~~~
[sp1]  warning: secp256k1-sys@0.11.0: depend/secp256k1/src/scalar.h:67:13: warning: unused function 'rustsecp256k1_v0_11_scalar_half' [-Wunused-function]
[sp1]  warning: secp256k1-sys@0.11.0:    67 | static void rustsecp256k1_v0_11_scalar_half(rustsecp256k1_v0_11_scalar *r, const rustsecp256k1_v0_11_scalar *a);
[sp1]  warning: secp256k1-sys@0.11.0:       |             ^~~~~~~~~~~~~~~~~~~~~~~~~~~~~~~
[sp1]  warning: secp256k1-sys@0.11.0: depend/secp256k1/src/scalar.h:70:12: warning: unused function 'rustsecp256k1_v0_11_scalar_is_zero' [-Wunused-function]
[sp1]  warning: secp256k1-sys@0.11.0:    70 | static int rustsecp256k1_v0_11_scalar_is_zero(const rustsecp256k1_v0_11_scalar *a);
[sp1]  warning: secp256k1-sys@0.11.0:       |            ^~~~~~~~~~~~~~~~~~~~~~~~~~~~~~~~~~
[sp1]  warning: secp256k1-sys@0.11.0: depend/secp256k1/src/scalar.h:73:12: warning: unused function 'rustsecp256k1_v0_11_scalar_is_one' [-Wunused-function]
[sp1]  warning: secp256k1-sys@0.11.0:    73 | static int rustsecp256k1_v0_11_scalar_is_one(const rustsecp256k1_v0_11_scalar *a);
[sp1]  warning: secp256k1-sys@0.11.0:       |            ^~~~~~~~~~~~~~~~~~~~~~~~~~~~~~~~~
[sp1]  warning: secp256k1-sys@0.11.0: depend/secp256k1/src/scalar.h:76:12: warning: unused function 'rustsecp256k1_v0_11_scalar_is_even' [-Wunused-function]
[sp1]  warning: secp256k1-sys@0.11.0:    76 | static int rustsecp256k1_v0_11_scalar_is_even(const rustsecp256k1_v0_11_scalar *a);
[sp1]  warning: secp256k1-sys@0.11.0:       |            ^~~~~~~~~~~~~~~~~~~~~~~~~~~~~~~~~~
[sp1]  warning: secp256k1-sys@0.11.0: depend/secp256k1/src/scalar.h:79:12: warning: unused function 'rustsecp256k1_v0_11_scalar_is_high' [-Wunused-function]
[sp1]  warning: secp256k1-sys@0.11.0:    79 | static int rustsecp256k1_v0_11_scalar_is_high(const rustsecp256k1_v0_11_scalar *a);
[sp1]  warning: secp256k1-sys@0.11.0:       |            ^~~~~~~~~~~~~~~~~~~~~~~~~~~~~~~~~~
[sp1]  warning: secp256k1-sys@0.11.0: depend/secp256k1/src/scalar.h:83:12: warning: unused function 'rustsecp256k1_v0_11_scalar_cond_negate' [-Wunused-function]
[sp1]  warning: secp256k1-sys@0.11.0:    83 | static int rustsecp256k1_v0_11_scalar_cond_negate(rustsecp256k1_v0_11_scalar *a, int flag);
[sp1]  warning: secp256k1-sys@0.11.0:       |            ^~~~~~~~~~~~~~~~~~~~~~~~~~~~~~~~~~~~~~
[sp1]  warning: secp256k1-sys@0.11.0: depend/secp256k1/src/scalar.h:86:12: warning: unused function 'rustsecp256k1_v0_11_scalar_eq' [-Wunused-function]
[sp1]  warning: secp256k1-sys@0.11.0:    86 | static int rustsecp256k1_v0_11_scalar_eq(const rustsecp256k1_v0_11_scalar *a, const rustsecp256k1_v0_11_scalar *b);
[sp1]  warning: secp256k1-sys@0.11.0:       |            ^~~~~~~~~~~~~~~~~~~~~~~~~~~~~
[sp1]  warning: secp256k1-sys@0.11.0: depend/secp256k1/src/scalar.h:89:13: warning: unused function 'rustsecp256k1_v0_11_scalar_split_128' [-Wunused-function]
[sp1]  warning: secp256k1-sys@0.11.0:    89 | static void rustsecp256k1_v0_11_scalar_split_128(rustsecp256k1_v0_11_scalar *r1, rustsecp256k1_v0_11_scalar *r2, const rustsecp256k1_v0_11_scalar *k);
[sp1]  warning: secp256k1-sys@0.11.0:       |             ^~~~~~~~~~~~~~~~~~~~~~~~~~~~~~~~~~~~
[sp1]  warning: secp256k1-sys@0.11.0: depend/secp256k1/src/scalar.h:93:13: warning: unused function 'rustsecp256k1_v0_11_scalar_split_lambda' [-Wunused-function]
[sp1]  warning: secp256k1-sys@0.11.0:    93 | static void rustsecp256k1_v0_11_scalar_split_lambda(rustsecp256k1_v0_11_scalar * SECP256K1_RESTRICT r1, rustsecp256k1_v0_11_scalar * SECP256K1_RESTRICT r2, const rustsecp256k1_v0_11_scalar * SECP256K1_RESTRICT k);
[sp1]  warning: secp256k1-sys@0.11.0:       |             ^~~~~~~~~~~~~~~~~~~~~~~~~~~~~~~~~~~~~~~
[sp1]  warning: secp256k1-sys@0.11.0: depend/secp256k1/src/scalar.h:96:13: warning: unused function 'rustsecp256k1_v0_11_scalar_mul_shift_var' [-Wunused-function]
[sp1]  warning: secp256k1-sys@0.11.0:    96 | static void rustsecp256k1_v0_11_scalar_mul_shift_var(rustsecp256k1_v0_11_scalar *r, const rustsecp256k1_v0_11_scalar *a, const rustsecp256k1_v0_11_scalar *b, unsigned int shift);
[sp1]  warning: secp256k1-sys@0.11.0:       |             ^~~~~~~~~~~~~~~~~~~~~~~~~~~~~~~~~~~~~~~~
[sp1]  warning: secp256k1-sys@0.11.0: depend/secp256k1/src/scalar.h:99:13: warning: unused function 'rustsecp256k1_v0_11_scalar_cmov' [-Wunused-function]
[sp1]  warning: secp256k1-sys@0.11.0:    99 | static void rustsecp256k1_v0_11_scalar_cmov(rustsecp256k1_v0_11_scalar *r, const rustsecp256k1_v0_11_scalar *a, int flag);
[sp1]  warning: secp256k1-sys@0.11.0:       |             ^~~~~~~~~~~~~~~~~~~~~~~~~~~~~~~
[sp1]  warning: secp256k1-sys@0.11.0: depend/secp256k1/src/scalar.h:102:13: warning: unused function 'rustsecp256k1_v0_11_scalar_verify' [-Wunused-function]
[sp1]  warning: secp256k1-sys@0.11.0:   102 | static void rustsecp256k1_v0_11_scalar_verify(const rustsecp256k1_v0_11_scalar *r);
[sp1]  warning: secp256k1-sys@0.11.0:       |             ^~~~~~~~~~~~~~~~~~~~~~~~~~~~~~~~~
[sp1]  warning: secp256k1-sys@0.11.0: In file included from depend/secp256k1/src/precomputed_ecmult.c:6:
[sp1]  warning: secp256k1-sys@0.11.0: In file included from depend/secp256k1/src/ecmult.h:12:
[sp1]  warning: secp256k1-sys@0.11.0: depend/secp256k1/src/scratch.h:28:15: warning: unused function 'rustsecp256k1_v0_11_scratch_checkpoint' [-Wunused-function]
[sp1]  warning: secp256k1-sys@0.11.0:    28 | static size_t rustsecp256k1_v0_11_scratch_checkpoint(const rustsecp256k1_v0_11_callback* error_callback, const rustsecp256k1_v0_11_scratch* scratch);
[sp1]  warning: secp256k1-sys@0.11.0:       |               ^~~~~~~~~~~~~~~~~~~~~~~~~~~~~~~~~~~~~~
[sp1]  warning: secp256k1-sys@0.11.0: depend/secp256k1/src/scratch.h:32:13: warning: unused function 'rustsecp256k1_v0_11_scratch_apply_checkpoint' [-Wunused-function]
[sp1]  warning: secp256k1-sys@0.11.0:    32 | static void rustsecp256k1_v0_11_scratch_apply_checkpoint(const rustsecp256k1_v0_11_callback* error_callback, rustsecp256k1_v0_11_scratch* scratch, size_t checkpoint);
[sp1]  warning: secp256k1-sys@0.11.0:       |             ^~~~~~~~~~~~~~~~~~~~~~~~~~~~~~~~~~~~~~~~~~~~
[sp1]  warning: secp256k1-sys@0.11.0: depend/secp256k1/src/scratch.h:35:15: warning: unused function 'rustsecp256k1_v0_11_scratch_max_allocation' [-Wunused-function]
[sp1]  warning: secp256k1-sys@0.11.0:    35 | static size_t rustsecp256k1_v0_11_scratch_max_allocation(const rustsecp256k1_v0_11_callback* error_callback, const rustsecp256k1_v0_11_scratch* scratch, size_t n_objects);
[sp1]  warning: secp256k1-sys@0.11.0:       |               ^~~~~~~~~~~~~~~~~~~~~~~~~~~~~~~~~~~~~~~~~~
[sp1]  warning: secp256k1-sys@0.11.0: depend/secp256k1/src/scratch.h:38:14: warning: unused function 'rustsecp256k1_v0_11_scratch_alloc' [-Wunused-function]
[sp1]  warning: secp256k1-sys@0.11.0:    38 | static void *rustsecp256k1_v0_11_scratch_alloc(const rustsecp256k1_v0_11_callback* error_callback, rustsecp256k1_v0_11_scratch* scratch, size_t n);
[sp1]  warning: secp256k1-sys@0.11.0:       |              ^~~~~~~~~~~~~~~~~~~~~~~~~~~~~~~~~
[sp1]  warning: secp256k1-sys@0.11.0: In file included from depend/secp256k1/src/precomputed_ecmult.c:6:
[sp1]  warning: secp256k1-sys@0.11.0: depend/secp256k1/src/ecmult.h:44:13: warning: unused function 'rustsecp256k1_v0_11_ecmult' [-Wunused-function]
[sp1]  warning: secp256k1-sys@0.11.0:    44 | static void rustsecp256k1_v0_11_ecmult(rustsecp256k1_v0_11_gej *r, const rustsecp256k1_v0_11_gej *a, const rustsecp256k1_v0_11_scalar *na, const rustsecp256k1_v0_11_scalar *ng);
[sp1]  warning: secp256k1-sys@0.11.0:       |             ^~~~~~~~~~~~~~~~~~~~~~~~~~
[sp1]  warning: secp256k1-sys@0.11.0: depend/secp256k1/src/ecmult.h:59:12: warning: unused function 'rustsecp256k1_v0_11_ecmult_multi_var' [-Wunused-function]
[sp1]  warning: secp256k1-sys@0.11.0:    59 | static int rustsecp256k1_v0_11_ecmult_multi_var(const rustsecp256k1_v0_11_callback* error_callback, rustsecp256k1_v0_11_scratch *scratch, rustsecp256k1_v0_11_gej *r, const rustsecp256k1_v0_11_scalar *inp_g_sc, rustsecp256k1_v0_11_ecmult_multi_callback cb, void *cbdata, size_t n);
[sp1]  warning: secp256k1-sys@0.11.0:       |            ^~~~~~~~~~~~~~~~~~~~~~~~~~~~~~~~~~~~
[sp1]  warning: secp256k1-sys@0.11.0: error: unable to create target: 'No available targets are compatible with triple "riscv64-succinct-zkvm"'
[sp1]  warning: secp256k1-sys@0.11.0: 104 warnings and 1 error generated.
[sp1]  warning: secp256k1-sys@0.11.0: ToolExecError: command did not execute successfully (status code exit status: 1): LC_ALL="C" "cc" "-O3" "-ffunction-sections" "-fdata-sections" "-fPIC" "--target=riscv64-succinct-zkvm" "-I" "depend/secp256k1/" "-I" "depend/secp256k1/include" "-I" "depend/secp256k1/src" "-I" "wasm/wasm-sysroot" "-Wall" "-Wextra" "-DSECP256K1_API=" "-DENABLE_MODULE_ECDH=1" "-DENABLE_MODULE_SCHNORRSIG=1" "-DENABLE_MODULE_EXTRAKEYS=1" "-DENABLE_MODULE_ELLSWIFT=1" "-Dprintf(...)=" "-DECMULT_GEN_PREC_BITS=4" "-DECMULT_WINDOW_SIZE=15" "-DUSE_EXTERNAL_DEFAULT_CALLBACKS=1" "-DENABLE_MODULE_RECOVERY=1" "-o" "/Users/hiroyusai/src/sworn/spikes/zone-spf/guest/target/elf-compilation/riscv64im-succinct-zkvm-elf/release/build/secp256k1-sys-6abf63b1e0cc63bc/out/fce6141bfa9bf74c-precomputed_ecmult.o" "-c" "depend/secp256k1/src/precomputed_ecmult.c"
[sp1]  error: failed to run custom build command for `secp256k1-sys v0.11.0`
[sp1]  
[sp1]  Caused by:
[sp1]    process didn't exit successfully: `/Users/hiroyusai/src/sworn/spikes/zone-spf/guest/target/elf-compilation/release/build/secp256k1-sys-98e953a6f4196579/build-script-build` (exit status: 1)
[sp1]    --- stdout
[sp1]    cargo:rerun-if-env-changed=CC_FORCE_DISABLE
[sp1]    CC_FORCE_DISABLE = None
[sp1]    cargo:rerun-if-env-changed=CC_riscv64im-succinct-zkvm-elf
[sp1]    CC_riscv64im-succinct-zkvm-elf = None
[sp1]    cargo:rerun-if-env-changed=CC_riscv64im_succinct_zkvm_elf
[sp1]    CC_riscv64im_succinct_zkvm_elf = None
[sp1]    cargo:rerun-if-env-changed=TARGET_CC
[sp1]    TARGET_CC = None
[sp1]    cargo:rerun-if-env-changed=CC
[sp1]    CC = None
[sp1]    cargo:rerun-if-env-changed=CROSS_COMPILE
[sp1]    CROSS_COMPILE = None
[sp1]    cargo:rerun-if-env-changed=CC_ENABLE_DEBUG_OUTPUT
[sp1]    cargo:rerun-if-env-changed=CRATE_CC_NO_DEFAULTS
[sp1]    CRATE_CC_NO_DEFAULTS = None
[sp1]    cargo:rerun-if-env-changed=CFLAGS
[sp1]    CFLAGS = None
[sp1]    cargo:rerun-if-env-changed=TARGET_CFLAGS
[sp1]    TARGET_CFLAGS = None
[sp1]    cargo:rerun-if-env-changed=CFLAGS_riscv64im_succinct_zkvm_elf
[sp1]    CFLAGS_riscv64im_succinct_zkvm_elf = None
[sp1]    cargo:rerun-if-env-changed=CFLAGS_riscv64im-succinct-zkvm-elf
[sp1]    CFLAGS_riscv64im-succinct-zkvm-elf = None
[sp1]    cargo:rerun-if-env-changed=CC_ENABLE_DEBUG_OUTPUT
[sp1]    cargo:rerun-if-env-changed=CRATE_CC_NO_DEFAULTS
[sp1]    CRATE_CC_NO_DEFAULTS = None
[sp1]    cargo:rerun-if-env-changed=CFLAGS
[sp1]    CFLAGS = None
[sp1]    cargo:rerun-if-env-changed=TARGET_CFLAGS
[sp1]    TARGET_CFLAGS = None
[sp1]    cargo:rerun-if-env-changed=CFLAGS_riscv64im_succinct_zkvm_elf
[sp1]    CFLAGS_riscv64im_succinct_zkvm_elf = None
[sp1]    cargo:rerun-if-env-changed=CFLAGS_riscv64im-succinct-zkvm-elf
[sp1]    CFLAGS_riscv64im-succinct-zkvm-elf = None
[sp1]    cargo:rerun-if-env-changed=CC_ENABLE_DEBUG_OUTPUT
[sp1]    cargo:rerun-if-env-changed=CRATE_CC_NO_DEFAULTS
[sp1]    CRATE_CC_NO_DEFAULTS = None
[sp1]    cargo:rerun-if-env-changed=CFLAGS
[sp1]    CFLAGS = None
[sp1]    cargo:rerun-if-env-changed=TARGET_CFLAGS
[sp1]    TARGET_CFLAGS = None
[sp1]    cargo:rerun-if-env-changed=CFLAGS_riscv64im_succinct_zkvm_elf
[sp1]    CFLAGS_riscv64im_succinct_zkvm_elf = None
[sp1]    cargo:rerun-if-env-changed=CFLAGS_riscv64im-succinct-zkvm-elf
[sp1]    CFLAGS_riscv64im-succinct-zkvm-elf = None
[sp1]    cargo:rerun-if-env-changed=CC_riscv64im-succinct-zkvm-elf
[sp1]    CC_riscv64im-succinct-zkvm-elf = None
[sp1]    cargo:rerun-if-env-changed=CC_riscv64im_succinct_zkvm_elf
[sp1]    CC_riscv64im_succinct_zkvm_elf = None
[sp1]    cargo:rerun-if-env-changed=TARGET_CC
[sp1]    TARGET_CC = None
[sp1]    cargo:rerun-if-env-changed=CC
[sp1]    CC = None
[sp1]    cargo:rerun-if-env-changed=CROSS_COMPILE
[sp1]    CROSS_COMPILE = None
[sp1]    cargo:rerun-if-env-changed=CRATE_CC_NO_DEFAULTS
[sp1]    CRATE_CC_NO_DEFAULTS = None
[sp1]    cargo:rerun-if-env-changed=CFLAGS
[sp1]    CFLAGS = None
[sp1]    cargo:rerun-if-env-changed=TARGET_CFLAGS
[sp1]    TARGET_CFLAGS = None
[sp1]    cargo:rerun-if-env-changed=CFLAGS_riscv64im_succinct_zkvm_elf
[sp1]    CFLAGS_riscv64im_succinct_zkvm_elf = None
[sp1]    cargo:rerun-if-env-changed=CFLAGS_riscv64im-succinct-zkvm-elf
[sp1]    CFLAGS_riscv64im-succinct-zkvm-elf = None
[sp1]    cargo:rerun-if-env-changed=CC_riscv64im-succinct-zkvm-elf
[sp1]    CC_riscv64im-succinct-zkvm-elf = None
[sp1]    cargo:rerun-if-env-changed=CC_riscv64im_succinct_zkvm_elf
[sp1]    CC_riscv64im_succinct_zkvm_elf = None
[sp1]    cargo:rerun-if-env-changed=TARGET_CC
[sp1]    TARGET_CC = None
[sp1]    cargo:rerun-if-env-changed=CC
[sp1]    CC = None
[sp1]    cargo:rerun-if-env-changed=CROSS_COMPILE
[sp1]    CROSS_COMPILE = None
[sp1]    cargo:rerun-if-env-changed=CRATE_CC_NO_DEFAULTS
[sp1]    CRATE_CC_NO_DEFAULTS = None
[sp1]    cargo:rerun-if-env-changed=CFLAGS
[sp1]    CFLAGS = None
[sp1]    cargo:rerun-if-env-changed=TARGET_CFLAGS
[sp1]    TARGET_CFLAGS = None
[sp1]    cargo:rerun-if-env-changed=CFLAGS_riscv64im_succinct_zkvm_elf
[sp1]    CFLAGS_riscv64im_succinct_zkvm_elf = None
[sp1]    cargo:rerun-if-env-changed=CFLAGS_riscv64im-succinct-zkvm-elf
[sp1]    CFLAGS_riscv64im-succinct-zkvm-elf = None
[sp1]    cargo:warning=depend/secp256k1/contrib/lax_der_parsing.c:7:10: fatal error: 'string.h' file not found
[sp1]    cargo:warning=    7 | #include <string.h>
[sp1]    cargo:warning=      |          ^~~~~~~~~~
[sp1]    cargo:warning=1 error generated.
[sp1]    exit status: 1
[sp1]    cargo:warning=ToolExecError: command did not execute successfully (status code exit status: 1): LC_ALL="C" "cc" "-O3" "-ffunction-sections" "-fdata-sections" "-fPIC" "--target=riscv64-succinct-zkvm" "-I" "depend/secp256k1/" "-I" "depend/secp256k1/include" "-I" "depend/secp256k1/src" "-Wall" "-Wextra" "-DSECP256K1_API=" "-DENABLE_MODULE_ECDH=1" "-DENABLE_MODULE_SCHNORRSIG=1" "-DENABLE_MODULE_EXTRAKEYS=1" "-DENABLE_MODULE_ELLSWIFT=1" "-Dprintf(...)=" "-DECMULT_GEN_PREC_BITS=4" "-DECMULT_WINDOW_SIZE=15" "-DUSE_EXTERNAL_DEFAULT_CALLBACKS=1" "-DENABLE_MODULE_RECOVERY=1" "-o" "/Users/hiroyusai/src/sworn/spikes/zone-spf/guest/target/elf-compilation/riscv64im-succinct-zkvm-elf/release/build/secp256k1-sys-6abf63b1e0cc63bc/out/4d6b2bbe68124288-lax_der_parsing.o" "-c" "depend/secp256k1/contrib/lax_der_parsing.c"cargo:rerun-if-env-changed=CC_riscv64im-succinct-zkvm-elf
[sp1]    CC_riscv64im-succinct-zkvm-elf = None
[sp1]    cargo:rerun-if-env-changed=CC_riscv64im_succinct_zkvm_elf
[sp1]    CC_riscv64im_succinct_zkvm_elf = None
[sp1]    cargo:rerun-if-env-changed=TARGET_CC
[sp1]    TARGET_CC = None
[sp1]    cargo:rerun-if-env-changed=CC
[sp1]    CC = None
[sp1]    cargo:rerun-if-env-changed=CROSS_COMPILE
[sp1]    CROSS_COMPILE = None
[sp1]    cargo:rerun-if-env-changed=CRATE_CC_NO_DEFAULTS
[sp1]    CRATE_CC_NO_DEFAULTS = None
[sp1]    cargo:rerun-if-env-changed=CFLAGS
[sp1]    CFLAGS = None
[sp1]    cargo:rerun-if-env-changed=TARGET_CFLAGS
[sp1]    TARGET_CFLAGS = None
[sp1]    cargo:rerun-if-env-changed=CFLAGS_riscv64im_succinct_zkvm_elf
[sp1]    CFLAGS_riscv64im_succinct_zkvm_elf = None
[sp1]    cargo:rerun-if-env-changed=CFLAGS_riscv64im-succinct-zkvm-elf
[sp1]    CFLAGS_riscv64im-succinct-zkvm-elf = None
[sp1]    cargo:warning=In file included from depend/secp256k1/src/precomputed_ecmult_gen.c:3:
[sp1]    cargo:warning=In file included from depend/secp256k1/src/group.h:10:
[sp1]    cargo:warning=In file included from depend/secp256k1/src/field.h:10:
[sp1]    cargo:warning=depend/secp256k1/src/util.h:13:10: fatal error: 'string.h' file not found
[sp1]    cargo:warning=   13 | #include <string.h>
[sp1]    cargo:warning=      |          ^~~~~~~~~~
[sp1]    cargo:warning=1 error generated.
[sp1]  
[sp1]    exit status: 1
[sp1]    cargo:warning=ToolExecError: command did not execute successfully (status code exit status: 1): LC_ALL="C" "cc" "-O3" "-ffunction-sections" "-fdata-sections" "-fPIC" "--target=riscv64-succinct-zkvm" "-I" "depend/secp256k1/" "-I" "depend/secp256k1/include" "-I" "depend/secp256k1/src" "-Wall" "-Wextra" "-DSECP256K1_API=" "-DENABLE_MODULE_ECDH=1" "-DENABLE_MODULE_SCHNORRSIG=1" "-DENABLE_MODULE_EXTRAKEYS=1" "-DENABLE_MODULE_ELLSWIFT=1" "-Dprintf(...)=" "-DECMULT_GEN_PREC_BITS=4" "-DECMULT_WINDOW_SIZE=15" "-DUSE_EXTERNAL_DEFAULT_CALLBACKS=1" "-DENABLE_MODULE_RECOVERY=1" "-o" "/Users/hiroyusai/src/sworn/spikes/zone-spf/guest/target/elf-compilation/riscv64im-succinct-zkvm-elf/release/build/secp256k1-sys-6abf63b1e0cc63bc/out/fce6141bfa9bf74c-precomputed_ecmult_gen.o" "-c" "depend/secp256k1/src/precomputed_ecmult_gen.c"cargo:warning=In file included from depend/secp256k1/src/precomputed_ecmult.c:5:
[sp1]    cargo:warning=In file included from depend/secp256k1/src/group.h:10:
[sp1]    cargo:warning=In file included from depend/secp256k1/src/field.h:10:
[sp1]    cargo:warning=depend/secp256k1/src/util.h:13:10: fatal error: 'string.h' file not found
[sp1]    cargo:warning=   13 | #include <string.h>
[sp1]    cargo:warning=      |          ^~~~~~~~~~
[sp1]    cargo:warning=In file included from depend/secp256k1/src/secp256k1.c:23:
[sp1]    cargo:warning=In file included from depend/secp256k1/src/assumptions.h:12:
[sp1]    cargo:warning=depend/secp256k1/src/util.h:13:10: fatal error: 'string.h' file not found
[sp1]    cargo:warning=   13 | #include <string.h>
[sp1]    cargo:warning=      |          ^~~~~~~~~~
[sp1]    cargo:warning=1 error generated.
[sp1]  
[sp1]    exit status: 1
[sp1]    cargo:warning=ToolExecError: command did not execute successfully (status code exit status: 1): LC_ALL="C" "cc" "-O3" "-ffunction-sections" "-fdata-sections" "-fPIC" "--target=riscv64-succinct-zkvm" "-I" "depend/secp256k1/" "-I" "depend/secp256k1/include" "-I" "depend/secp256k1/src" "-Wall" "-Wextra" "-DSECP256K1_API=" "-DENABLE_MODULE_ECDH=1" "-DENABLE_MODULE_SCHNORRSIG=1" "-DENABLE_MODULE_EXTRAKEYS=1" "-DENABLE_MODULE_ELLSWIFT=1" "-Dprintf(...)=" "-DECMULT_GEN_PREC_BITS=4" "-DECMULT_WINDOW_SIZE=15" "-DUSE_EXTERNAL_DEFAULT_CALLBACKS=1" "-DENABLE_MODULE_RECOVERY=1" "-o" "/Users/hiroyusai/src/sworn/spikes/zone-spf/guest/target/elf-compilation/riscv64im-succinct-zkvm-elf/release/build/secp256k1-sys-6abf63b1e0cc63bc/out/fce6141bfa9bf74c-secp256k1.o" "-c" "depend/secp256k1/src/secp256k1.c"cargo:warning=1 error generated.
[sp1]  
[sp1]    exit status: 1
[sp1]    cargo:warning=ToolExecError: command did not execute successfully (status code exit status: 1): LC_ALL="C" "cc" "-O3" "-ffunction-sections" "-fdata-sections" "-fPIC" "--target=riscv64-succinct-zkvm" "-I" "depend/secp256k1/" "-I" "depend/secp256k1/include" "-I" "depend/secp256k1/src" "-Wall" "-Wextra" "-DSECP256K1_API=" "-DENABLE_MODULE_ECDH=1" "-DENABLE_MODULE_SCHNORRSIG=1" "-DENABLE_MODULE_EXTRAKEYS=1" "-DENABLE_MODULE_ELLSWIFT=1" "-Dprintf(...)=" "-DECMULT_GEN_PREC_BITS=4" "-DECMULT_WINDOW_SIZE=15" "-DUSE_EXTERNAL_DEFAULT_CALLBACKS=1" "-DENABLE_MODULE_RECOVERY=1" "-o" "/Users/hiroyusai/src/sworn/spikes/zone-spf/guest/target/elf-compilation/riscv64im-succinct-zkvm-elf/release/build/secp256k1-sys-6abf63b1e0cc63bc/out/fce6141bfa9bf74c-precomputed_ecmult.o" "-c" "depend/secp256k1/src/precomputed_ecmult.c"
[sp1]    cargo:rerun-if-env-changed=CC_FORCE_DISABLE
[sp1]    CC_FORCE_DISABLE = None
[sp1]    cargo:rerun-if-env-changed=CC_riscv64im-succinct-zkvm-elf
[sp1]    CC_riscv64im-succinct-zkvm-elf = None
[sp1]    cargo:rerun-if-env-changed=CC_riscv64im_succinct_zkvm_elf
[sp1]    CC_riscv64im_succinct_zkvm_elf = None
[sp1]    cargo:rerun-if-env-changed=TARGET_CC
[sp1]    TARGET_CC = None
[sp1]    cargo:rerun-if-env-changed=CC
[sp1]    CC = None
[sp1]    cargo:rerun-if-env-changed=CROSS_COMPILE
[sp1]    CROSS_COMPILE = None
[sp1]    cargo:rerun-if-env-changed=CRATE_CC_NO_DEFAULTS
[sp1]    CRATE_CC_NO_DEFAULTS = None
[sp1]    cargo:rerun-if-env-changed=CFLAGS
[sp1]    CFLAGS = None
[sp1]    cargo:rerun-if-env-changed=TARGET_CFLAGS
[sp1]    TARGET_CFLAGS = None
[sp1]    cargo:rerun-if-env-changed=CFLAGS_riscv64im_succinct_zkvm_elf
[sp1]    CFLAGS_riscv64im_succinct_zkvm_elf = None
[sp1]    cargo:rerun-if-env-changed=CFLAGS_riscv64im-succinct-zkvm-elf
[sp1]    CFLAGS_riscv64im-succinct-zkvm-elf = None
[sp1]    cargo:rerun-if-env-changed=CC_riscv64im-succinct-zkvm-elf
[sp1]    CC_riscv64im-succinct-zkvm-elf = None
[sp1]    cargo:rerun-if-env-changed=CC_riscv64im_succinct_zkvm_elf
[sp1]    CC_riscv64im_succinct_zkvm_elf = None
[sp1]    cargo:rerun-if-env-changed=TARGET_CC
[sp1]    TARGET_CC = None
[sp1]    cargo:rerun-if-env-changed=CC
[sp1]    CC = None
[sp1]    cargo:rerun-if-env-changed=CROSS_COMPILE
[sp1]    CROSS_COMPILE = None
[sp1]    cargo:rerun-if-env-changed=CRATE_CC_NO_DEFAULTS
[sp1]    CRATE_CC_NO_DEFAULTS = None
[sp1]    cargo:rerun-if-env-changed=CFLAGS
[sp1]    CFLAGS = None
[sp1]    cargo:rerun-if-env-changed=TARGET_CFLAGS
[sp1]    TARGET_CFLAGS = None
[sp1]    cargo:rerun-if-env-changed=CFLAGS_riscv64im_succinct_zkvm_elf
[sp1]    CFLAGS_riscv64im_succinct_zkvm_elf = None
[sp1]    cargo:rerun-if-env-changed=CFLAGS_riscv64im-succinct-zkvm-elf
[sp1]    CFLAGS_riscv64im-succinct-zkvm-elf = None
[sp1]    cargo:rerun-if-env-changed=CC_riscv64im-succinct-zkvm-elf
[sp1]    CC_riscv64im-succinct-zkvm-elf = None
[sp1]    cargo:rerun-if-env-changed=CC_riscv64im_succinct_zkvm_elf
[sp1]    CC_riscv64im_succinct_zkvm_elf = None
[sp1]    cargo:rerun-if-env-changed=TARGET_CC
[sp1]    TARGET_CC = None
[sp1]    cargo:rerun-if-env-changed=CC
[sp1]    CC = None
[sp1]    cargo:rerun-if-env-changed=CROSS_COMPILE
[sp1]    CROSS_COMPILE = None
[sp1]    cargo:rerun-if-env-changed=CRATE_CC_NO_DEFAULTS
[sp1]    CRATE_CC_NO_DEFAULTS = None
[sp1]    cargo:rerun-if-env-changed=CFLAGS
[sp1]    CFLAGS = None
[sp1]    cargo:rerun-if-env-changed=TARGET_CFLAGS
[sp1]    TARGET_CFLAGS = None
[sp1]    cargo:rerun-if-env-changed=CFLAGS_riscv64im_succinct_zkvm_elf
[sp1]    CFLAGS_riscv64im_succinct_zkvm_elf = None
[sp1]    cargo:rerun-if-env-changed=CFLAGS_riscv64im-succinct-zkvm-elf
[sp1]    CFLAGS_riscv64im-succinct-zkvm-elf = None
[sp1]    cargo:warning=error: unable to create target: 'No available targets are compatible with triple "riscv64-succinct-zkvm"'
[sp1]    cargo:warning=1 error generated.
[sp1]    exit status: 1
[sp1]    cargo:warning=ToolExecError: command did not execute successfully (status code exit status: 1): LC_ALL="C" "cc" "-O3" "-ffunction-sections" "-fdata-sections" "-fPIC" "--target=riscv64-succinct-zkvm" "-I" "depend/secp256k1/" "-I" "depend/secp256k1/include" "-I" "depend/secp256k1/src" "-I" "wasm/wasm-sysroot" "-Wall" "-Wextra" "-DSECP256K1_API=" "-DENABLE_MODULE_ECDH=1" "-DENABLE_MODULE_SCHNORRSIG=1" "-DENABLE_MODULE_EXTRAKEYS=1" "-DENABLE_MODULE_ELLSWIFT=1" "-Dprintf(...)=" "-DECMULT_GEN_PREC_BITS=4" "-DECMULT_WINDOW_SIZE=15" "-DUSE_EXTERNAL_DEFAULT_CALLBACKS=1" "-DENABLE_MODULE_RECOVERY=1" "-o" "/Users/hiroyusai/src/sworn/spikes/zone-spf/guest/target/elf-compilation/riscv64im-succinct-zkvm-elf/release/build/secp256k1-sys-6abf63b1e0cc63bc/out/4d6b2bbe68124288-lax_der_parsing.o" "-c" "depend/secp256k1/contrib/lax_der_parsing.c"cargo:rerun-if-env-changed=CC_riscv64im-succinct-zkvm-elf
[sp1]    CC_riscv64im-succinct-zkvm-elf = None
[sp1]    cargo:rerun-if-env-changed=CC_riscv64im_succinct_zkvm_elf
[sp1]    CC_riscv64im_succinct_zkvm_elf = None
[sp1]    cargo:rerun-if-env-changed=TARGET_CC
[sp1]    TARGET_CC = None
[sp1]    cargo:rerun-if-env-changed=CC
[sp1]    CC = None
[sp1]    cargo:rerun-if-env-changed=CROSS_COMPILE
[sp1]    CROSS_COMPILE = None
[sp1]    cargo:rerun-if-env-changed=CRATE_CC_NO_DEFAULTS
[sp1]    CRATE_CC_NO_DEFAULTS = None
[sp1]    cargo:rerun-if-env-changed=CFLAGS
[sp1]    CFLAGS = None
[sp1]    cargo:rerun-if-env-changed=TARGET_CFLAGS
[sp1]    TARGET_CFLAGS = None
[sp1]    cargo:rerun-if-env-changed=CFLAGS_riscv64im_succinct_zkvm_elf
[sp1]    CFLAGS_riscv64im_succinct_zkvm_elf = None
[sp1]    cargo:rerun-if-env-changed=CFLAGS_riscv64im-succinct-zkvm-elf
[sp1]    CFLAGS_riscv64im-succinct-zkvm-elf = None
[sp1]    cargo:warning=In file included from depend/secp256k1/src/precomputed_ecmult_gen.c:3:
[sp1]    cargo:warning=In file included from depend/secp256k1/src/group.h:10:
[sp1]    cargo:warning=depend/secp256k1/src/field.h:111:13: warning: unused function 'rustsecp256k1_v0_11_fe_impl_normalize' [-Wunused-function]
[sp1]    cargo:warning=  111 | static void rustsecp256k1_v0_11_fe_normalize(rustsecp256k1_v0_11_fe *r);
[sp1]    cargo:warning=      |             ^~~~~~~~~~~~~~~~~~~~~~~~~~~~~~~~
[sp1]    cargo:warning=depend/secp256k1/src/field.h:78:44: note: expanded from macro 'rustsecp256k1_v0_11_fe_normalize'
[sp1]    cargo:warning=   78 | #  define rustsecp256k1_v0_11_fe_normalize rustsecp256k1_v0_11_fe_impl_normalize
[sp1]    cargo:warning=      |                                            ^~~~~~~~~~~~~~~~~~~~~~~~~~~~~~~~~~~~~
[sp1]    cargo:warning=depend/secp256k1/src/field.h:118:13: warning: unused function 'rustsecp256k1_v0_11_fe_impl_normalize_weak' [-Wunused-function]
[sp1]    cargo:warning=  118 | static void rustsecp256k1_v0_11_fe_normalize_weak(rustsecp256k1_v0_11_fe *r);
[sp1]    cargo:warning=      |             ^~~~~~~~~~~~~~~~~~~~~~~~~~~~~~~~~~~~~
[sp1]    cargo:warning=depend/secp256k1/src/field.h:79:49: note: expanded from macro 'rustsecp256k1_v0_11_fe_normalize_weak'
[sp1]    cargo:warning=   79 | #  define rustsecp256k1_v0_11_fe_normalize_weak rustsecp256k1_v0_11_fe_impl_normalize_weak
[sp1]    cargo:warning=      |                                                 ^~~~~~~~~~~~~~~~~~~~~~~~~~~~~~~~~~~~~~~~~~
[sp1]    cargo:warning=depend/secp256k1/src/field.h:124:13: warning: unused function 'rustsecp256k1_v0_11_fe_impl_normalize_var' [-Wunused-function]
[sp1]    cargo:warning=  124 | static void rustsecp256k1_v0_11_fe_normalize_var(rustsecp256k1_v0_11_fe *r);
[sp1]    cargo:warning=      |             ^~~~~~~~~~~~~~~~~~~~~~~~~~~~~~~~~~~~
[sp1]    cargo:warning=depend/secp256k1/src/field.h:80:48: note: expanded from macro 'rustsecp256k1_v0_11_fe_normalize_var'
[sp1]    cargo:warning=   80 | #  define rustsecp256k1_v0_11_fe_normalize_var rustsecp256k1_v0_11_fe_impl_normalize_var
[sp1]    cargo:warning=      |                                                ^~~~~~~~~~~~~~~~~~~~~~~~~~~~~~~~~~~~~~~~~
[sp1]    cargo:warning=depend/secp256k1/src/field.h:131:12: warning: unused function 'rustsecp256k1_v0_11_fe_impl_normalizes_to_zero' [-Wunused-function]
[sp1]    cargo:warning=  131 | static int rustsecp256k1_v0_11_fe_normalizes_to_zero(const rustsecp256k1_v0_11_fe *r);
[sp1]    cargo:warning=      |            ^~~~~~~~~~~~~~~~~~~~~~~~~~~~~~~~~~~~~~~~~
[sp1]    cargo:warning=depend/secp256k1/src/field.h:81:53: note: expanded from macro 'rustsecp256k1_v0_11_fe_normalizes_to_zero'
[sp1]    cargo:warning=   81 | #  define rustsecp256k1_v0_11_fe_normalizes_to_zero rustsecp256k1_v0_11_fe_impl_normalizes_to_zero
[sp1]    cargo:warning=      |                                                     ^~~~~~~~~~~~~~~~~~~~~~~~~~~~~~~~~~~~~~~~~~~~~~
[sp1]    cargo:warning=depend/secp256k1/src/field.h:137:12: warning: unused function 'rustsecp256k1_v0_11_fe_impl_normalizes_to_zero_var' [-Wunused-function]
[sp1]    cargo:warning=  137 | static int rustsecp256k1_v0_11_fe_normalizes_to_zero_var(const rustsecp256k1_v0_11_fe *r);
[sp1]    cargo:warning=      |            ^~~~~~~~~~~~~~~~~~~~~~~~~~~~~~~~~~~~~~~~~~~~~
[sp1]    cargo:warning=depend/secp256k1/src/field.h:82:57: note: expanded from macro 'rustsecp256k1_v0_11_fe_normalizes_to_zero_var'
[sp1]    cargo:warning=   82 | #  define rustsecp256k1_v0_11_fe_normalizes_to_zero_var rustsecp256k1_v0_11_fe_impl_normalizes_to_zero_var
[sp1]    cargo:warning=      |                                                         ^~~~~~~~~~~~~~~~~~~~~~~~~~~~~~~~~~~~~~~~~~~~~~~~~~
[sp1]    cargo:warning=depend/secp256k1/src/field.h:144:13: warning: unused function 'rustsecp256k1_v0_11_fe_impl_set_int' [-Wunused-function]
[sp1]    cargo:warning=  144 | static void rustsecp256k1_v0_11_fe_set_int(rustsecp256k1_v0_11_fe *r, int a);
[sp1]    cargo:warning=      |             ^~~~~~~~~~~~~~~~~~~~~~~~~~~~~~
[sp1]    cargo:warning=depend/secp256k1/src/field.h:83:42: note: expanded from macro 'rustsecp256k1_v0_11_fe_set_int'
[sp1]    cargo:warning=   83 | #  define rustsecp256k1_v0_11_fe_set_int rustsecp256k1_v0_11_fe_impl_set_int
[sp1]    cargo:warning=      |                                          ^~~~~~~~~~~~~~~~~~~~~~~~~~~~~~~~~~~
[sp1]    cargo:warning=depend/secp256k1/src/field.h:147:13: warning: unused function 'rustsecp256k1_v0_11_fe_clear' [-Wunused-function]
[sp1]    cargo:warning=  147 | static void rustsecp256k1_v0_11_fe_clear(rustsecp256k1_v0_11_fe *a);
[sp1]    cargo:warning=      |             ^~~~~~~~~~~~~~~~~~~~~~~~~~~~
[sp1]    cargo:warning=depend/secp256k1/src/field.h:157:12: warning: unused function 'rustsecp256k1_v0_11_fe_impl_is_zero' [-Wunused-function]
[sp1]    cargo:warning=  157 | static int rustsecp256k1_v0_11_fe_is_zero(const rustsecp256k1_v0_11_fe *a);
[sp1]    cargo:warning=      |            ^~~~~~~~~~~~~~~~~~~~~~~~~~~~~~
[sp1]    cargo:warning=depend/secp256k1/src/field.h:84:42: note: expanded from macro 'rustsecp256k1_v0_11_fe_is_zero'
[sp1]    cargo:warning=   84 | #  define rustsecp256k1_v0_11_fe_is_zero rustsecp256k1_v0_11_fe_impl_is_zero
[sp1]    cargo:warning=      |                                          ^~~~~~~~~~~~~~~~~~~~~~~~~~~~~~~~~~~
[sp1]    cargo:warning=depend/secp256k1/src/field.h:164:12: warning: unused function 'rustsecp256k1_v0_11_fe_impl_is_odd' [-Wunused-function]
[sp1]    cargo:warning=  164 | static int rustsecp256k1_v0_11_fe_is_odd(const rustsecp256k1_v0_11_fe *a);
[sp1]    cargo:warning=      |            ^~~~~~~~~~~~~~~~~~~~~~~~~~~~~
[sp1]    cargo:warning=depend/secp256k1/src/field.h:85:41: note: expanded from macro 'rustsecp256k1_v0_11_fe_is_odd'
[sp1]    cargo:warning=   85 | #  define rustsecp256k1_v0_11_fe_is_odd rustsecp256k1_v0_11_fe_impl_is_odd
[sp1]    cargo:warning=      |                                         ^~~~~~~~~~~~~~~~~~~~~~~~~~~~~~~~~~
[sp1]    cargo:warning=depend/secp256k1/src/field.h:172:12: warning: unused function 'rustsecp256k1_v0_11_fe_equal' [-Wunused-function]
[sp1]    cargo:warning=  172 | static int rustsecp256k1_v0_11_fe_equal(const rustsecp256k1_v0_11_fe *a, const rustsecp256k1_v0_11_fe *b);
[sp1]    cargo:warning=      |            ^~~~~~~~~~~~~~~~~~~~~~~~~~~~
[sp1]    cargo:warning=depend/secp256k1/src/field.h:180:12: warning: unused function 'rustsecp256k1_v0_11_fe_impl_cmp_var' [-Wunused-function]
[sp1]    cargo:warning=  180 | static int rustsecp256k1_v0_11_fe_cmp_var(const rustsecp256k1_v0_11_fe *a, const rustsecp256k1_v0_11_fe *b);
[sp1]    cargo:warning=      |            ^~~~~~~~~~~~~~~~~~~~~~~~~~~~~~
[sp1]    cargo:warning=depend/secp256k1/src/field.h:86:42: note: expanded from macro 'rustsecp256k1_v0_11_fe_cmp_var'
[sp1]    cargo:warning=   86 | #  define rustsecp256k1_v0_11_fe_cmp_var rustsecp256k1_v0_11_fe_impl_cmp_var
[sp1]    cargo:warning=      |                                          ^~~~~~~~~~~~~~~~~~~~~~~~~~~~~~~~~~~
[sp1]    cargo:warning=depend/secp256k1/src/field.h:188:13: warning: unused function 'rustsecp256k1_v0_11_fe_impl_set_b32_mod' [-Wunused-function]
[sp1]    cargo:warning=  188 | static void rustsecp256k1_v0_11_fe_set_b32_mod(rustsecp256k1_v0_11_fe *r, const unsigned char *a);
[sp1]    cargo:warning=      |             ^~~~~~~~~~~~~~~~~~~~~~~~~~~~~~~~~~
[sp1]    cargo:warning=depend/secp256k1/src/field.h:87:46: note: expanded from macro 'rustsecp256k1_v0_11_fe_set_b32_mod'
[sp1]    cargo:warning=   87 | #  define rustsecp256k1_v0_11_fe_set_b32_mod rustsecp256k1_v0_11_fe_impl_set_b32_mod
[sp1]    cargo:warning=      |                                              ^~~~~~~~~~~~~~~~~~~~~~~~~~~~~~~~~~~~~~~
[sp1]    cargo:warning=depend/secp256k1/src/field.h:196:12: warning: unused function 'rustsecp256k1_v0_11_fe_impl_set_b32_limit' [-Wunused-function]
[sp1]    cargo:warning=  196 | static int rustsecp256k1_v0_11_fe_set_b32_limit(rustsecp256k1_v0_11_fe *r, const unsigned char *a);
[sp1]    cargo:warning=      |            ^~~~~~~~~~~~~~~~~~~~~~~~~~~~~~~~~~~~
[sp1]    cargo:warning=depend/secp256k1/src/field.h:88:48: note: expanded from macro 'rustsecp256k1_v0_11_fe_set_b32_limit'
[sp1]    cargo:warning=   88 | #  define rustsecp256k1_v0_11_fe_set_b32_limit rustsecp256k1_v0_11_fe_impl_set_b32_limit
[sp1]    cargo:warning=      |                                                ^~~~~~~~~~~~~~~~~~~~~~~~~~~~~~~~~~~~~~~~~
[sp1]    cargo:warning=depend/secp256k1/src/field.h:202:13: warning: unused function 'rustsecp256k1_v0_11_fe_impl_get_b32' [-Wunused-function]
[sp1]    cargo:warning=  202 | static void rustsecp256k1_v0_11_fe_get_b32(unsigned char *r, const rustsecp256k1_v0_11_fe *a);
[sp1]    cargo:warning=      |             ^~~~~~~~~~~~~~~~~~~~~~~~~~~~~~
[sp1]    cargo:warning=depend/secp256k1/src/field.h:89:42: note: expanded from macro 'rustsecp256k1_v0_11_fe_get_b32'
[sp1]    cargo:warning=   89 | #  define rustsecp256k1_v0_11_fe_get_b32 rustsecp256k1_v0_11_fe_impl_get_b32
[sp1]    cargo:warning=      |                                          ^~~~~~~~~~~~~~~~~~~~~~~~~~~~~~~~~~~
[sp1]    cargo:warning=depend/secp256k1/src/field.h:217:13: warning: unused function 'rustsecp256k1_v0_11_fe_impl_negate_unchecked' [-Wunused-function]
[sp1]    cargo:warning=  217 | static void rustsecp256k1_v0_11_fe_negate_unchecked(rustsecp256k1_v0_11_fe *r, const rustsecp256k1_v0_11_fe *a, int m);
[sp1]    cargo:warning=      |             ^~~~~~~~~~~~~~~~~~~~~~~~~~~~~~~~~~~~~~~
[sp1]    cargo:warning=depend/secp256k1/src/field.h:90:51: note: expanded from macro 'rustsecp256k1_v0_11_fe_negate_unchecked'
[sp1]    cargo:warning=   90 | #  define rustsecp256k1_v0_11_fe_negate_unchecked rustsecp256k1_v0_11_fe_impl_negate_unchecked
[sp1]    cargo:warning=      |                                                   ^~~~~~~~~~~~~~~~~~~~~~~~~~~~~~~~~~~~~~~~~~~~
[sp1]    cargo:warning=depend/secp256k1/src/field.h:224:13: warning: unused function 'rustsecp256k1_v0_11_fe_impl_add_int' [-Wunused-function]
[sp1]    cargo:warning=  224 | static void rustsecp256k1_v0_11_fe_add_int(rustsecp256k1_v0_11_fe *r, int a);
[sp1]    cargo:warning=      |             ^~~~~~~~~~~~~~~~~~~~~~~~~~~~~~
[sp1]    cargo:warning=depend/secp256k1/src/field.h:102:42: note: expanded from macro 'rustsecp256k1_v0_11_fe_add_int'
[sp1]    cargo:warning=  102 | #  define rustsecp256k1_v0_11_fe_add_int rustsecp256k1_v0_11_fe_impl_add_int
[sp1]    cargo:warning=      |                                          ^~~~~~~~~~~~~~~~~~~~~~~~~~~~~~~~~~~
[sp1]    cargo:warning=depend/secp256k1/src/field.h:239:13: warning: unused function 'rustsecp256k1_v0_11_fe_impl_mul_int_unchecked' [-Wunused-function]
[sp1]    cargo:warning=  239 | static void rustsecp256k1_v0_11_fe_mul_int_unchecked(rustsecp256k1_v0_11_fe *r, int a);
[sp1]    cargo:warning=      |             ^~~~~~~~~~~~~~~~~~~~~~~~~~~~~~~~~~~~~~~~
[sp1]    cargo:warning=depend/secp256k1/src/field.h:91:52: note: expanded from macro 'rustsecp256k1_v0_11_fe_mul_int_unchecked'
[sp1]    cargo:warning=   91 | #  define rustsecp256k1_v0_11_fe_mul_int_unchecked rustsecp256k1_v0_11_fe_impl_mul_int_unchecked
[sp1]    cargo:warning=      |                                                    ^~~~~~~~~~~~~~~~~~~~~~~~~~~~~~~~~~~~~~~~~~~~~
[sp1]    cargo:warning=depend/secp256k1/src/field.h:248:13: warning: unused function 'rustsecp256k1_v0_11_fe_impl_add' [-Wunused-function]
[sp1]    cargo:warning=  248 | static void rustsecp256k1_v0_11_fe_add(rustsecp256k1_v0_11_fe *r, const rustsecp256k1_v0_11_fe *a);
[sp1]    cargo:warning=      |             ^~~~~~~~~~~~~~~~~~~~~~~~~~
[sp1]    cargo:warning=depend/secp256k1/src/field.h:92:38: note: expanded from macro 'rustsecp256k1_v0_11_fe_add'
[sp1]    cargo:warning=   92 | #  define rustsecp256k1_v0_11_fe_add rustsecp256k1_v0_11_fe_impl_add
[sp1]    cargo:warning=      |                                      ^~~~~~~~~~~~~~~~~~~~~~~~~~~~~~~
[sp1]    cargo:warning=depend/secp256k1/src/field.h:258:13: warning: unused function 'rustsecp256k1_v0_11_fe_impl_mul' [-Wunused-function]
[sp1]    cargo:warning=  258 | static void rustsecp256k1_v0_11_fe_mul(rustsecp256k1_v0_11_fe *r, const rustsecp256k1_v0_11_fe *a, const rustsecp256k1_v0_11_fe * SECP256K1_RESTRICT b);
[sp1]    cargo:warning=      |             ^~~~~~~~~~~~~~~~~~~~~~~~~~
[sp1]    cargo:warning=depend/secp256k1/src/field.h:93:38: note: expanded from macro 'rustsecp256k1_v0_11_fe_mul'
[sp1]    cargo:warning=   93 | #  define rustsecp256k1_v0_11_fe_mul rustsecp256k1_v0_11_fe_impl_mul
[sp1]    cargo:warning=      |                                      ^~~~~~~~~~~~~~~~~~~~~~~~~~~~~~~
[sp1]    cargo:warning=depend/secp256k1/src/field.h:267:13: warning: unused function 'rustsecp256k1_v0_11_fe_impl_sqr' [-Wunused-function]
[sp1]    cargo:warning=  267 | static void rustsecp256k1_v0_11_fe_sqr(rustsecp256k1_v0_11_fe *r, const rustsecp256k1_v0_11_fe *a);
[sp1]    cargo:warning=      |             ^~~~~~~~~~~~~~~~~~~~~~~~~~
[sp1]    cargo:warning=depend/secp256k1/src/field.h:94:38: note: expanded from macro 'rustsecp256k1_v0_11_fe_sqr'
[sp1]    cargo:warning=   94 | #  define rustsecp256k1_v0_11_fe_sqr rustsecp256k1_v0_11_fe_impl_sqr
[sp1]    cargo:warning=      |                                      ^~~~~~~~~~~~~~~~~~~~~~~~~~~~~~~
[sp1]    cargo:warning=depend/secp256k1/src/field.h:278:12: warning: unused function 'rustsecp256k1_v0_11_fe_sqrt' [-Wunused-function]
[sp1]    cargo:warning=  278 | static int rustsecp256k1_v0_11_fe_sqrt(rustsecp256k1_v0_11_fe * SECP256K1_RESTRICT r, const rustsecp256k1_v0_11_fe * SECP256K1_RESTRICT a);
[sp1]    cargo:warning=      |            ^~~~~~~~~~~~~~~~~~~~~~~~~~~
[sp1]    cargo:warning=depend/secp256k1/src/field.h:287:13: warning: unused function 'rustsecp256k1_v0_11_fe_impl_inv' [-Wunused-function]
[sp1]    cargo:warning=  287 | static void rustsecp256k1_v0_11_fe_inv(rustsecp256k1_v0_11_fe *r, const rustsecp256k1_v0_11_fe *a);
[sp1]    cargo:warning=      |             ^~~~~~~~~~~~~~~~~~~~~~~~~~
[sp1]    cargo:warning=depend/secp256k1/src/field.h:98:38: note: expanded from macro 'rustsecp256k1_v0_11_fe_inv'
[sp1]    cargo:warning=   98 | #  define rustsecp256k1_v0_11_fe_inv rustsecp256k1_v0_11_fe_impl_inv
[sp1]    cargo:warning=      |                                      ^~~~~~~~~~~~~~~~~~~~~~~~~~~~~~~
[sp1]    cargo:warning=depend/secp256k1/src/field.h:293:13: warning: unused function 'rustsecp256k1_v0_11_fe_impl_inv_var' [-Wunused-function]
[sp1]    cargo:warning=  293 | static void rustsecp256k1_v0_11_fe_inv_var(rustsecp256k1_v0_11_fe *r, const rustsecp256k1_v0_11_fe *a);
[sp1]    cargo:warning=      |             ^~~~~~~~~~~~~~~~~~~~~~~~~~~~~~
[sp1]    cargo:warning=depend/secp256k1/src/field.h:99:42: note: expanded from macro 'rustsecp256k1_v0_11_fe_inv_var'
[sp1]    cargo:warning=   99 | #  define rustsecp256k1_v0_11_fe_inv_var rustsecp256k1_v0_11_fe_impl_inv_var
[sp1]    cargo:warning=      |                                          ^~~~~~~~~~~~~~~~~~~~~~~~~~~~~~~~~~~
[sp1]    cargo:warning=depend/secp256k1/src/field.h:300:13: warning: unused function 'rustsecp256k1_v0_11_fe_impl_to_storage' [-Wunused-function]
[sp1]    cargo:warning=  300 | static void rustsecp256k1_v0_11_fe_to_storage(rustsecp256k1_v0_11_fe_storage *r, const rustsecp256k1_v0_11_fe *a);
[sp1]    cargo:warning=      |             ^~~~~~~~~~~~~~~~~~~~~~~~~~~~~~~~~
[sp1]    cargo:warning=depend/secp256k1/src/field.h:96:45: note: expanded from macro 'rustsecp256k1_v0_11_fe_to_storage'
[sp1]    cargo:warning=   96 | #  define rustsecp256k1_v0_11_fe_to_storage rustsecp256k1_v0_11_fe_impl_to_storage
[sp1]    cargo:warning=      |                                             ^~~~~~~~~~~~~~~~~~~~~~~~~~~~~~~~~~~~~~
[sp1]    cargo:warning=depend/secp256k1/src/field.h:308:13: warning: unused function 'rustsecp256k1_v0_11_fe_impl_from_storage' [-Wunused-function]
[sp1]    cargo:warning=  308 | static void rustsecp256k1_v0_11_fe_from_storage(rustsecp256k1_v0_11_fe *r, const rustsecp256k1_v0_11_fe_storage *a);
[sp1]    cargo:warning=      |             ^~~~~~~~~~~~~~~~~~~~~~~~~~~~~~~~~~~
[sp1]    cargo:warning=depend/secp256k1/src/field.h:97:47: note: expanded from macro 'rustsecp256k1_v0_11_fe_from_storage'
[sp1]    cargo:warning=   97 | #  define rustsecp256k1_v0_11_fe_from_storage rustsecp256k1_v0_11_fe_impl_from_storage
[sp1]    cargo:warning=      |                                               ^~~~~~~~~~~~~~~~~~~~~~~~~~~~~~~~~~~~~~~~
[sp1]    cargo:warning=depend/secp256k1/src/field.h:311:13: warning: unused function 'rustsecp256k1_v0_11_fe_storage_cmov' [-Wunused-function]
[sp1]    cargo:warning=  311 | static void rustsecp256k1_v0_11_fe_storage_cmov(rustsecp256k1_v0_11_fe_storage *r, const rustsecp256k1_v0_11_fe_storage *a, int flag);
[sp1]    cargo:warning=      |             ^~~~~~~~~~~~~~~~~~~~~~~~~~~~~~~~~~~
[sp1]    cargo:warning=depend/secp256k1/src/field.h:321:13: warning: unused function 'rustsecp256k1_v0_11_fe_impl_cmov' [-Wunused-function]
[sp1]    cargo:warning=  321 | static void rustsecp256k1_v0_11_fe_cmov(rustsecp256k1_v0_11_fe *r, const rustsecp256k1_v0_11_fe *a, int flag);
[sp1]    cargo:warning=      |             ^~~~~~~~~~~~~~~~~~~~~~~~~~~
[sp1]    cargo:warning=depend/secp256k1/src/field.h:95:39: note: expanded from macro 'rustsecp256k1_v0_11_fe_cmov'
[sp1]    cargo:warning=   95 | #  define rustsecp256k1_v0_11_fe_cmov rustsecp256k1_v0_11_fe_impl_cmov
[sp1]    cargo:warning=      |                                       ^~~~~~~~~~~~~~~~~~~~~~~~~~~~~~~~
[sp1]    cargo:warning=depend/secp256k1/src/field.h:329:13: warning: unused function 'rustsecp256k1_v0_11_fe_impl_half' [-Wunused-function]
[sp1]    cargo:warning=  329 | static void rustsecp256k1_v0_11_fe_half(rustsecp256k1_v0_11_fe *r);
[sp1]    cargo:warning=      |             ^~~~~~~~~~~~~~~~~~~~~~~~~~~
[sp1]    cargo:warning=depend/secp256k1/src/field.h:101:39: note: expanded from macro 'rustsecp256k1_v0_11_fe_half'
[sp1]    cargo:warning=  101 | #  define rustsecp256k1_v0_11_fe_half rustsecp256k1_v0_11_fe_impl_half
[sp1]    cargo:warning=      |                                       ^~~~~~~~~~~~~~~~~~~~~~~~~~~~~~~~
[sp1]    cargo:warning=depend/secp256k1/src/field.h:334:13: warning: unused function 'rustsecp256k1_v0_11_fe_impl_get_bounds' [-Wunused-function]
[sp1]    cargo:warning=  334 | static void rustsecp256k1_v0_11_fe_get_bounds(rustsecp256k1_v0_11_fe *r, int m);
[sp1]    cargo:warning=      |             ^~~~~~~~~~~~~~~~~~~~~~~~~~~~~~~~~
[sp1]    cargo:warning=depend/secp256k1/src/field.h:100:45: note: expanded from macro 'rustsecp256k1_v0_11_fe_get_bounds'
[sp1]    cargo:warning=  100 | #  define rustsecp256k1_v0_11_fe_get_bounds rustsecp256k1_v0_11_fe_impl_get_bounds
[sp1]    cargo:warning=      |                                             ^~~~~~~~~~~~~~~~~~~~~~~~~~~~~~~~~~~~~~
[sp1]    cargo:warning=depend/secp256k1/src/field.h:340:12: warning: unused function 'rustsecp256k1_v0_11_fe_impl_is_square_var' [-Wunused-function]
[sp1]    cargo:warning=  340 | static int rustsecp256k1_v0_11_fe_is_square_var(const rustsecp256k1_v0_11_fe *a);
[sp1]    cargo:warning=      |            ^~~~~~~~~~~~~~~~~~~~~~~~~~~~~~~~~~~~
[sp1]    cargo:warning=depend/secp256k1/src/field.h:103:48: note: expanded from macro 'rustsecp256k1_v0_11_fe_is_square_var'
[sp1]    cargo:warning=  103 | #  define rustsecp256k1_v0_11_fe_is_square_var rustsecp256k1_v0_11_fe_impl_is_square_var
[sp1]    cargo:warning=      |                                                ^~~~~~~~~~~~~~~~~~~~~~~~~~~~~~~~~~~~~~~~~
[sp1]    cargo:warning=depend/secp256k1/src/field.h:343:13: warning: unused function 'rustsecp256k1_v0_11_fe_verify' [-Wunused-function]
[sp1]    cargo:warning=  343 | static void rustsecp256k1_v0_11_fe_verify(const rustsecp256k1_v0_11_fe *a);
[sp1]    cargo:warning=      |             ^~~~~~~~~~~~~~~~~~~~~~~~~~~~~
[sp1]    cargo:warning=depend/secp256k1/src/field.h:347:13: warning: unused function 'rustsecp256k1_v0_11_fe_verify_magnitude' [-Wunused-function]
[sp1]    cargo:warning=  347 | static void rustsecp256k1_v0_11_fe_verify_magnitude(const rustsecp256k1_v0_11_fe *a, int m);
[sp1]    cargo:warning=      |             ^~~~~~~~~~~~~~~~~~~~~~~~~~~~~~~~~~~~~~~
[sp1]    cargo:warning=In file included from depend/secp256k1/src/precomputed_ecmult_gen.c:3:
[sp1]    cargo:warning=depend/secp256k1/src/group.h:56:13: warning: unused function 'rustsecp256k1_v0_11_ge_set_xy' [-Wunused-function]
[sp1]    cargo:warning=   56 | static void rustsecp256k1_v0_11_ge_set_xy(rustsecp256k1_v0_11_ge *r, const rustsecp256k1_v0_11_fe *x, const rustsecp256k1_v0_11_fe *y);
[sp1]    cargo:warning=      |             ^~~~~~~~~~~~~~~~~~~~~~~~~~~~~
[sp1]    cargo:warning=depend/secp256k1/src/group.h:60:12: warning: unused function 'rustsecp256k1_v0_11_ge_set_xo_var' [-Wunused-function]
[sp1]    cargo:warning=   60 | static int rustsecp256k1_v0_11_ge_set_xo_var(rustsecp256k1_v0_11_ge *r, const rustsecp256k1_v0_11_fe *x, int odd);
[sp1]    cargo:warning=      |            ^~~~~~~~~~~~~~~~~~~~~~~~~~~~~~~~~
[sp1]    cargo:warning=depend/secp256k1/src/group.h:63:12: warning: unused function 'rustsecp256k1_v0_11_ge_x_on_curve_var' [-Wunused-function]
[sp1]    cargo:warning=   63 | static int rustsecp256k1_v0_11_ge_x_on_curve_var(const rustsecp256k1_v0_11_fe *x);
[sp1]    cargo:warning=      |            ^~~~~~~~~~~~~~~~~~~~~~~~~~~~~~~~~~~~~
[sp1]    cargo:warning=depend/secp256k1/src/group.h:66:12: warning: unused function 'rustsecp256k1_v0_11_ge_x_frac_on_curve_var' [-Wunused-function]
[sp1]    cargo:warning=   66 | static int rustsecp256k1_v0_11_ge_x_frac_on_curve_var(const rustsecp256k1_v0_11_fe *xn, const rustsecp256k1_v0_11_fe *xd);
[sp1]    cargo:warning=      |            ^~~~~~~~~~~~~~~~~~~~~~~~~~~~~~~~~~~~~~~~~~
[sp1]    cargo:warning=depend/secp256k1/src/group.h:69:12: warning: unused function 'rustsecp256k1_v0_11_ge_is_infinity' [-Wunused-function]
[sp1]    cargo:warning=   69 | static int rustsecp256k1_v0_11_ge_is_infinity(const rustsecp256k1_v0_11_ge *a);
[sp1]    cargo:warning=      |            ^~~~~~~~~~~~~~~~~~~~~~~~~~~~~~~~~~
[sp1]    cargo:warning=depend/secp256k1/src/group.h:72:12: warning: unused function 'rustsecp256k1_v0_11_ge_is_valid_var' [-Wunused-function]
[sp1]    cargo:warning=   72 | static int rustsecp256k1_v0_11_ge_is_valid_var(const rustsecp256k1_v0_11_ge *a);
[sp1]    cargo:warning=      |            ^~~~~~~~~~~~~~~~~~~~~~~~~~~~~~~~~~~
[sp1]    cargo:warning=depend/secp256k1/src/group.h:75:13: warning: unused function 'rustsecp256k1_v0_11_ge_neg' [-Wunused-function]
[sp1]    cargo:warning=   75 | static void rustsecp256k1_v0_11_ge_neg(rustsecp256k1_v0_11_ge *r, const rustsecp256k1_v0_11_ge *a);
[sp1]    cargo:warning=      |             ^~~~~~~~~~~~~~~~~~~~~~~~~~
[sp1]    cargo:warning=depend/secp256k1/src/group.h:78:13: warning: unused function 'rustsecp256k1_v0_11_ge_set_gej' [-Wunused-function]
[sp1]    cargo:warning=   78 | static void rustsecp256k1_v0_11_ge_set_gej(rustsecp256k1_v0_11_ge *r, rustsecp256k1_v0_11_gej *a);
[sp1]    cargo:warning=      |             ^~~~~~~~~~~~~~~~~~~~~~~~~~~~~~
[sp1]    cargo:warning=depend/secp256k1/src/group.h:81:13: warning: unused function 'rustsecp256k1_v0_11_ge_set_gej_var' [-Wunused-function]
[sp1]    cargo:warning=   81 | static void rustsecp256k1_v0_11_ge_set_gej_var(rustsecp256k1_v0_11_ge *r, rustsecp256k1_v0_11_gej *a);
[sp1]    cargo:warning=      |             ^~~~~~~~~~~~~~~~~~~~~~~~~~~~~~~~~~
[sp1]    cargo:warning=depend/secp256k1/src/group.h:84:13: warning: unused function 'rustsecp256k1_v0_11_ge_set_all_gej_var' [-Wunused-function]
[sp1]    cargo:warning=   84 | static void rustsecp256k1_v0_11_ge_set_all_gej_var(rustsecp256k1_v0_11_ge *r, const rustsecp256k1_v0_11_gej *a, size_t len);
[sp1]    cargo:warning=      |             ^~~~~~~~~~~~~~~~~~~~~~~~~~~~~~~~~~~~~~
[sp1]    cargo:warning=depend/secp256k1/src/group.h:103:13: warning: unused function 'rustsecp256k1_v0_11_ge_table_set_globalz' [-Wunused-function]
[sp1]    cargo:warning=  103 | static void rustsecp256k1_v0_11_ge_table_set_globalz(size_t len, rustsecp256k1_v0_11_ge *a, const rustsecp256k1_v0_11_fe *zr);
[sp1]    cargo:warning=      |             ^~~~~~~~~~~~~~~~~~~~~~~~~~~~~~~~~~~~~~~~
[sp1]    cargo:warning=depend/secp256k1/src/group.h:106:12: warning: unused function 'rustsecp256k1_v0_11_ge_eq_var' [-Wunused-function]
[sp1]    cargo:warning=  106 | static int rustsecp256k1_v0_11_ge_eq_var(const rustsecp256k1_v0_11_ge *a, const rustsecp256k1_v0_11_ge *b);
[sp1]    cargo:warning=      |            ^~~~~~~~~~~~~~~~~~~~~~~~~~~~~
[sp1]    cargo:warning=depend/secp256k1/src/group.h:109:13: warning: unused function 'rustsecp256k1_v0_11_ge_set_infinity' [-Wunused-function]
[sp1]    cargo:warning=  109 | static void rustsecp256k1_v0_11_ge_set_infinity(rustsecp256k1_v0_11_ge *r);
[sp1]    cargo:warning=      |             ^~~~~~~~~~~~~~~~~~~~~~~~~~~~~~~~~~~
[sp1]    cargo:warning=depend/secp256k1/src/group.h:112:13: warning: unused function 'rustsecp256k1_v0_11_gej_set_infinity' [-Wunused-function]
[sp1]    cargo:warning=  112 | static void rustsecp256k1_v0_11_gej_set_infinity(rustsecp256k1_v0_11_gej *r);
[sp1]    cargo:warning=      |             ^~~~~~~~~~~~~~~~~~~~~~~~~~~~~~~~~~~~
[sp1]    cargo:warning=depend/secp256k1/src/group.h:115:13: warning: unused function 'rustsecp256k1_v0_11_gej_set_ge' [-Wunused-function]
[sp1]    cargo:warning=  115 | static void rustsecp256k1_v0_11_gej_set_ge(rustsecp256k1_v0_11_gej *r, const rustsecp256k1_v0_11_ge *a);
[sp1]    cargo:warning=      |             ^~~~~~~~~~~~~~~~~~~~~~~~~~~~~~
[sp1]    cargo:warning=depend/secp256k1/src/group.h:118:12: warning: unused function 'rustsecp256k1_v0_11_gej_eq_var' [-Wunused-function]
[sp1]    cargo:warning=  118 | static int rustsecp256k1_v0_11_gej_eq_var(const rustsecp256k1_v0_11_gej *a, const rustsecp256k1_v0_11_gej *b);
[sp1]    cargo:warning=      |            ^~~~~~~~~~~~~~~~~~~~~~~~~~~~~~
[sp1]    cargo:warning=depend/secp256k1/src/group.h:121:12: warning: unused function 'rustsecp256k1_v0_11_gej_eq_ge_var' [-Wunused-function]
[sp1]    cargo:warning=  121 | static int rustsecp256k1_v0_11_gej_eq_ge_var(const rustsecp256k1_v0_11_gej *a, const rustsecp256k1_v0_11_ge *b);
[sp1]    cargo:warning=      |            ^~~~~~~~~~~~~~~~~~~~~~~~~~~~~~~~~
[sp1]    cargo:warning=depend/secp256k1/src/group.h:125:12: warning: unused function 'rustsecp256k1_v0_11_gej_eq_x_var' [-Wunused-function]
[sp1]    cargo:warning=  125 | static int rustsecp256k1_v0_11_gej_eq_x_var(const rustsecp256k1_v0_11_fe *x, const rustsecp256k1_v0_11_gej *a);
[sp1]    cargo:warning=      |            ^~~~~~~~~~~~~~~~~~~~~~~~~~~~~~~~
[sp1]    cargo:warning=depend/secp256k1/src/group.h:128:13: warning: unused function 'rustsecp256k1_v0_11_gej_neg' [-Wunused-function]
[sp1]    cargo:warning=  128 | static void rustsecp256k1_v0_11_gej_neg(rustsecp256k1_v0_11_gej *r, const rustsecp256k1_v0_11_gej *a);
[sp1]    cargo:warning=      |             ^~~~~~~~~~~~~~~~~~~~~~~~~~~
[sp1]    cargo:warning=depend/secp256k1/src/group.h:131:12: warning: unused function 'rustsecp256k1_v0_11_gej_is_infinity' [-Wunused-function]
[sp1]    cargo:warning=  131 | static int rustsecp256k1_v0_11_gej_is_infinity(const rustsecp256k1_v0_11_gej *a);
[sp1]    cargo:warning=      |            ^~~~~~~~~~~~~~~~~~~~~~~~~~~~~~~~~~~
[sp1]    cargo:warning=depend/secp256k1/src/group.h:134:13: warning: unused function 'rustsecp256k1_v0_11_gej_double' [-Wunused-function]
[sp1]    cargo:warning=  134 | static void rustsecp256k1_v0_11_gej_double(rustsecp256k1_v0_11_gej *r, const rustsecp256k1_v0_11_gej *a);
[sp1]    cargo:warning=      |             ^~~~~~~~~~~~~~~~~~~~~~~~~~~~~~
[sp1]    cargo:warning=depend/secp256k1/src/group.h:137:13: warning: unused function 'rustsecp256k1_v0_11_gej_double_var' [-Wunused-function]
[sp1]    cargo:warning=  137 | static void rustsecp256k1_v0_11_gej_double_var(rustsecp256k1_v0_11_gej *r, const rustsecp256k1_v0_11_gej *a, rustsecp256k1_v0_11_fe *rzr);
[sp1]    cargo:warning=      |             ^~~~~~~~~~~~~~~~~~~~~~~~~~~~~~~~~~
[sp1]    cargo:warning=depend/secp256k1/src/group.h:140:13: warning: unused function 'rustsecp256k1_v0_11_gej_add_var' [-Wunused-function]
[sp1]    cargo:warning=  140 | static void rustsecp256k1_v0_11_gej_add_var(rustsecp256k1_v0_11_gej *r, const rustsecp256k1_v0_11_gej *a, const rustsecp256k1_v0_11_gej *b, rustsecp256k1_v0_11_fe *rzr);
[sp1]    cargo:warning=      |             ^~~~~~~~~~~~~~~~~~~~~~~~~~~~~~~
[sp1]    cargo:warning=depend/secp256k1/src/group.h:143:13: warning: unused function 'rustsecp256k1_v0_11_gej_add_ge' [-Wunused-function]
[sp1]    cargo:warning=  143 | static void rustsecp256k1_v0_11_gej_add_ge(rustsecp256k1_v0_11_gej *r, const rustsecp256k1_v0_11_gej *a, const rustsecp256k1_v0_11_ge *b);
[sp1]    cargo:warning=      |             ^~~~~~~~~~~~~~~~~~~~~~~~~~~~~~
[sp1]    cargo:warning=depend/secp256k1/src/group.h:148:13: warning: unused function 'rustsecp256k1_v0_11_gej_add_ge_var' [-Wunused-function]
[sp1]    cargo:warning=  148 | static void rustsecp256k1_v0_11_gej_add_ge_var(rustsecp256k1_v0_11_gej *r, const rustsecp256k1_v0_11_gej *a, const rustsecp256k1_v0_11_ge *b, rustsecp256k1_v0_11_fe *rzr);
[sp1]    cargo:warning=      |             ^~~~~~~~~~~~~~~~~~~~~~~~~~~~~~~~~~
[sp1]    cargo:warning=depend/secp256k1/src/group.h:151:13: warning: unused function 'rustsecp256k1_v0_11_gej_add_zinv_var' [-Wunused-function]
[sp1]    cargo:warning=  151 | static void rustsecp256k1_v0_11_gej_add_zinv_var(rustsecp256k1_v0_11_gej *r, const rustsecp256k1_v0_11_gej *a, const rustsecp256k1_v0_11_ge *b, const rustsecp256k1_v0_11_fe *bzinv);
[sp1]    cargo:warning=      |             ^~~~~~~~~~~~~~~~~~~~~~~~~~~~~~~~~~~~
[sp1]    cargo:warning=depend/secp256k1/src/group.h:154:13: warning: unused function 'rustsecp256k1_v0_11_ge_mul_lambda' [-Wunused-function]
[sp1]    cargo:warning=  154 | static void rustsecp256k1_v0_11_ge_mul_lambda(rustsecp256k1_v0_11_ge *r, const rustsecp256k1_v0_11_ge *a);
[sp1]    cargo:warning=      |             ^~~~~~~~~~~~~~~~~~~~~~~~~~~~~~~~~
[sp1]    cargo:warning=depend/secp256k1/src/group.h:157:13: warning: unused function 'rustsecp256k1_v0_11_gej_clear' [-Wunused-function]
[sp1]    cargo:warning=  157 | static void rustsecp256k1_v0_11_gej_clear(rustsecp256k1_v0_11_gej *r);
[sp1]    cargo:warning=      |             ^~~~~~~~~~~~~~~~~~~~~~~~~~~~~
[sp1]    cargo:warning=depend/secp256k1/src/group.h:160:13: warning: unused function 'rustsecp256k1_v0_11_ge_clear' [-Wunused-function]
[sp1]    cargo:warning=  160 | static void rustsecp256k1_v0_11_ge_clear(rustsecp256k1_v0_11_ge *r);
[sp1]    cargo:warning=      |             ^~~~~~~~~~~~~~~~~~~~~~~~~~~~
[sp1]    cargo:warning=depend/secp256k1/src/group.h:163:13: warning: unused function 'rustsecp256k1_v0_11_ge_to_storage' [-Wunused-function]
[sp1]    cargo:warning=  163 | static void rustsecp256k1_v0_11_ge_to_storage(rustsecp256k1_v0_11_ge_storage *r, const rustsecp256k1_v0_11_ge *a);
[sp1]    cargo:warning=      |             ^~~~~~~~~~~~~~~~~~~~~~~~~~~~~~~~~
[sp1]    cargo:warning=depend/secp256k1/src/group.h:166:13: warning: unused function 'rustsecp256k1_v0_11_ge_from_storage' [-Wunused-function]
[sp1]    cargo:warning=  166 | static void rustsecp256k1_v0_11_ge_from_storage(rustsecp256k1_v0_11_ge *r, const rustsecp256k1_v0_11_ge_storage *a);
[sp1]    cargo:warning=      |             ^~~~~~~~~~~~~~~~~~~~~~~~~~~~~~~~~~~
[sp1]    cargo:warning=depend/secp256k1/src/group.h:169:13: warning: unused function 'rustsecp256k1_v0_11_gej_cmov' [-Wunused-function]
[sp1]    cargo:warning=  169 | static void rustsecp256k1_v0_11_gej_cmov(rustsecp256k1_v0_11_gej *r, const rustsecp256k1_v0_11_gej *a, int flag);
[sp1]    cargo:warning=      |             ^~~~~~~~~~~~~~~~~~~~~~~~~~~~
[sp1]    cargo:warning=depend/secp256k1/src/group.h:172:13: warning: unused function 'rustsecp256k1_v0_11_ge_storage_cmov' [-Wunused-function]
[sp1]    cargo:warning=  172 | static void rustsecp256k1_v0_11_ge_storage_cmov(rustsecp256k1_v0_11_ge_storage *r, const rustsecp256k1_v0_11_ge_storage *a, int flag);
[sp1]    cargo:warning=      |             ^~~~~~~~~~~~~~~~~~~~~~~~~~~~~~~~~~~
[sp1]    cargo:warning=depend/secp256k1/src/group.h:175:13: warning: unused function 'rustsecp256k1_v0_11_gej_rescale' [-Wunused-function]
[sp1]    cargo:warning=  175 | static void rustsecp256k1_v0_11_gej_rescale(rustsecp256k1_v0_11_gej *r, const rustsecp256k1_v0_11_fe *b);
[sp1]    cargo:warning=      |             ^~~~~~~~~~~~~~~~~~~~~~~~~~~~~~~
[sp1]    cargo:warning=depend/secp256k1/src/group.h:179:13: warning: unused function 'rustsecp256k1_v0_11_ge_to_bytes' [-Wunused-function]
[sp1]    cargo:warning=  179 | static void rustsecp256k1_v0_11_ge_to_bytes(unsigned char *buf, const rustsecp256k1_v0_11_ge *a);
[sp1]    cargo:warning=      |             ^~~~~~~~~~~~~~~~~~~~~~~~~~~~~~~
[sp1]    cargo:warning=depend/secp256k1/src/group.h:183:13: warning: unused function 'rustsecp256k1_v0_11_ge_from_bytes' [-Wunused-function]
[sp1]    cargo:warning=  183 | static void rustsecp256k1_v0_11_ge_from_bytes(rustsecp256k1_v0_11_ge *r, const unsigned char *buf);
[sp1]    cargo:warning=      |             ^~~~~~~~~~~~~~~~~~~~~~~~~~~~~~~~~
[sp1]    cargo:warning=depend/secp256k1/src/group.h:187:13: warning: unused function 'rustsecp256k1_v0_11_ge_to_bytes_ext' [-Wunused-function]
[sp1]    cargo:warning=  187 | static void rustsecp256k1_v0_11_ge_to_bytes_ext(unsigned char *data, const rustsecp256k1_v0_11_ge *ge);
[sp1]    cargo:warning=      |             ^~~~~~~~~~~~~~~~~~~~~~~~~~~~~~~~~~~
[sp1]    cargo:warning=depend/secp256k1/src/group.h:191:13: warning: unused function 'rustsecp256k1_v0_11_ge_from_bytes_ext' [-Wunused-function]
[sp1]    cargo:warning=  191 | static void rustsecp256k1_v0_11_ge_from_bytes_ext(rustsecp256k1_v0_11_ge *ge, const unsigned char *data);
[sp1]    cargo:warning=      |             ^~~~~~~~~~~~~~~~~~~~~~~~~~~~~~~~~~~~~
[sp1]    cargo:warning=depend/secp256k1/src/group.h:202:12: warning: unused function 'rustsecp256k1_v0_11_ge_is_in_correct_subgroup' [-Wunused-function]
[sp1]    cargo:warning=  202 | static int rustsecp256k1_v0_11_ge_is_in_correct_subgroup(const rustsecp256k1_v0_11_ge* ge);
[sp1]    cargo:warning=      |            ^~~~~~~~~~~~~~~~~~~~~~~~~~~~~~~~~~~~~~~~~~~~~
[sp1]    cargo:warning=depend/secp256k1/src/group.h:205:13: warning: unused function 'rustsecp256k1_v0_11_ge_verify' [-Wunused-function]
[sp1]    cargo:warning=  205 | static void rustsecp256k1_v0_11_ge_verify(const rustsecp256k1_v0_11_ge *a);
[sp1]    cargo:warning=      |             ^~~~~~~~~~~~~~~~~~~~~~~~~~~~~
[sp1]    cargo:warning=depend/secp256k1/src/group.h:209:13: warning: unused function 'rustsecp256k1_v0_11_gej_verify' [-Wunused-function]
[sp1]    cargo:warning=  209 | static void rustsecp256k1_v0_11_gej_verify(const rustsecp256k1_v0_11_gej *a);
[sp1]    cargo:warning=      |             ^~~~~~~~~~~~~~~~~~~~~~~~~~~~~~
[sp1]    cargo:warning=In file included from depend/secp256k1/src/precomputed_ecmult_gen.c:4:
[sp1]    cargo:warning=In file included from depend/secp256k1/src/ecmult_gen.h:10:
[sp1]    cargo:warning=depend/secp256k1/src/scalar.h:23:13: warning: unused function 'rustsecp256k1_v0_11_scalar_clear' [-Wunused-function]
[sp1]    cargo:warning=   23 | static void rustsecp256k1_v0_11_scalar_clear(rustsecp256k1_v0_11_scalar *r);
[sp1]    cargo:warning=      |             ^~~~~~~~~~~~~~~~~~~~~~~~~~~~~~~~
[sp1]    cargo:warning=depend/secp256k1/src/scalar.h:26:17: warning: unused function 'rustsecp256k1_v0_11_scalar_get_bits_limb32' [-Wunused-function]
[sp1]    cargo:warning=   26 | static uint32_t rustsecp256k1_v0_11_scalar_get_bits_limb32(const rustsecp256k1_v0_11_scalar *a, unsigned int offset, unsigned int count);
[sp1]    cargo:warning=      |                 ^~~~~~~~~~~~~~~~~~~~~~~~~~~~~~~~~~~~~~~~~~
[sp1]    cargo:warning=depend/secp256k1/src/scalar.h:29:17: warning: unused function 'rustsecp256k1_v0_11_scalar_get_bits_var' [-Wunused-function]
[sp1]    cargo:warning=   29 | static uint32_t rustsecp256k1_v0_11_scalar_get_bits_var(const rustsecp256k1_v0_11_scalar *a, unsigned int offset, unsigned int count);
[sp1]    cargo:warning=      |                 ^~~~~~~~~~~~~~~~~~~~~~~~~~~~~~~~~~~~~~~
[sp1]    cargo:warning=depend/secp256k1/src/scalar.h:36:13: warning: unused function 'rustsecp256k1_v0_11_scalar_set_b32' [-Wunused-function]
[sp1]    cargo:warning=   36 | static void rustsecp256k1_v0_11_scalar_set_b32(rustsecp256k1_v0_11_scalar *r, const unsigned char *bin, int *overflow);
[sp1]    cargo:warning=      |             ^~~~~~~~~~~~~~~~~~~~~~~~~~~~~~~~~~
[sp1]    cargo:warning=depend/secp256k1/src/scalar.h:40:12: warning: unused function 'rustsecp256k1_v0_11_scalar_set_b32_seckey' [-Wunused-function]
[sp1]    cargo:warning=   40 | static int rustsecp256k1_v0_11_scalar_set_b32_seckey(rustsecp256k1_v0_11_scalar *r, const unsigned char *bin);
[sp1]    cargo:warning=      |            ^~~~~~~~~~~~~~~~~~~~~~~~~~~~~~~~~~~~~~~~~
[sp1]    cargo:warning=depend/secp256k1/src/scalar.h:43:13: warning: unused function 'rustsecp256k1_v0_11_scalar_set_int' [-Wunused-function]
[sp1]    cargo:warning=   43 | static void rustsecp256k1_v0_11_scalar_set_int(rustsecp256k1_v0_11_scalar *r, unsigned int v);
[sp1]    cargo:warning=      |             ^~~~~~~~~~~~~~~~~~~~~~~~~~~~~~~~~~
[sp1]    cargo:warning=depend/secp256k1/src/scalar.h:46:13: warning: unused function 'rustsecp256k1_v0_11_scalar_get_b32' [-Wunused-function]
[sp1]    cargo:warning=   46 | static void rustsecp256k1_v0_11_scalar_get_b32(unsigned char *bin, const rustsecp256k1_v0_11_scalar* a);
[sp1]    cargo:warning=      |             ^~~~~~~~~~~~~~~~~~~~~~~~~~~~~~~~~~
[sp1]    cargo:warning=depend/secp256k1/src/scalar.h:49:12: warning: unused function 'rustsecp256k1_v0_11_scalar_add' [-Wunused-function]
[sp1]    cargo:warning=   49 | static int rustsecp256k1_v0_11_scalar_add(rustsecp256k1_v0_11_scalar *r, const rustsecp256k1_v0_11_scalar *a, const rustsecp256k1_v0_11_scalar *b);
[sp1]    cargo:warning=      |            ^~~~~~~~~~~~~~~~~~~~~~~~~~~~~~
[sp1]    cargo:warning=depend/secp256k1/src/scalar.h:52:13: warning: unused function 'rustsecp256k1_v0_11_scalar_cadd_bit' [-Wunused-function]
[sp1]    cargo:warning=   52 | static void rustsecp256k1_v0_11_scalar_cadd_bit(rustsecp256k1_v0_11_scalar *r, unsigned int bit, int flag);
[sp1]    cargo:warning=      |             ^~~~~~~~~~~~~~~~~~~~~~~~~~~~~~~~~~~
[sp1]    cargo:warning=depend/secp256k1/src/scalar.h:55:13: warning: unused function 'rustsecp256k1_v0_11_scalar_mul' [-Wunused-function]
[sp1]    cargo:warning=   55 | static void rustsecp256k1_v0_11_scalar_mul(rustsecp256k1_v0_11_scalar *r, const rustsecp256k1_v0_11_scalar *a, const rustsecp256k1_v0_11_scalar *b);
[sp1]    cargo:warning=      |             ^~~~~~~~~~~~~~~~~~~~~~~~~~~~~~
[sp1]    cargo:warning=depend/secp256k1/src/scalar.h:58:13: warning: unused function 'rustsecp256k1_v0_11_scalar_inverse' [-Wunused-function]
[sp1]    cargo:warning=   58 | static void rustsecp256k1_v0_11_scalar_inverse(rustsecp256k1_v0_11_scalar *r, const rustsecp256k1_v0_11_scalar *a);
[sp1]    cargo:warning=      |             ^~~~~~~~~~~~~~~~~~~~~~~~~~~~~~~~~~
[sp1]    cargo:warning=depend/secp256k1/src/scalar.h:61:13: warning: unused function 'rustsecp256k1_v0_11_scalar_inverse_var' [-Wunused-function]
[sp1]    cargo:warning=   61 | static void rustsecp256k1_v0_11_scalar_inverse_var(rustsecp256k1_v0_11_scalar *r, const rustsecp256k1_v0_11_scalar *a);
[sp1]    cargo:warning=      |             ^~~~~~~~~~~~~~~~~~~~~~~~~~~~~~~~~~~~~~
[sp1]    cargo:warning=depend/secp256k1/src/scalar.h:64:13: warning: unused function 'rustsecp256k1_v0_11_scalar_negate' [-Wunused-function]
[sp1]    cargo:warning=   64 | static void rustsecp256k1_v0_11_scalar_negate(rustsecp256k1_v0_11_scalar *r, const rustsecp256k1_v0_11_scalar *a);
[sp1]    cargo:warning=      |             ^~~~~~~~~~~~~~~~~~~~~~~~~~~~~~~~~
[sp1]    cargo:warning=depend/secp256k1/src/scalar.h:67:13: warning: unused function 'rustsecp256k1_v0_11_scalar_half' [-Wunused-function]
[sp1]    cargo:warning=   67 | static void rustsecp256k1_v0_11_scalar_half(rustsecp256k1_v0_11_scalar *r, const rustsecp256k1_v0_11_scalar *a);
[sp1]    cargo:warning=      |             ^~~~~~~~~~~~~~~~~~~~~~~~~~~~~~~
[sp1]    cargo:warning=depend/secp256k1/src/scalar.h:70:12: warning: unused function 'rustsecp256k1_v0_11_scalar_is_zero' [-Wunused-function]
[sp1]    cargo:warning=   70 | static int rustsecp256k1_v0_11_scalar_is_zero(const rustsecp256k1_v0_11_scalar *a);
[sp1]    cargo:warning=      |            ^~~~~~~~~~~~~~~~~~~~~~~~~~~~~~~~~~
[sp1]    cargo:warning=depend/secp256k1/src/scalar.h:73:12: warning: unused function 'rustsecp256k1_v0_11_scalar_is_one' [-Wunused-function]
[sp1]    cargo:warning=   73 | static int rustsecp256k1_v0_11_scalar_is_one(const rustsecp256k1_v0_11_scalar *a);
[sp1]    cargo:warning=      |            ^~~~~~~~~~~~~~~~~~~~~~~~~~~~~~~~~
[sp1]    cargo:warning=depend/secp256k1/src/scalar.h:76:12: warning: unused function 'rustsecp256k1_v0_11_scalar_is_even' [-Wunused-function]
[sp1]    cargo:warning=   76 | static int rustsecp256k1_v0_11_scalar_is_even(const rustsecp256k1_v0_11_scalar *a);
[sp1]    cargo:warning=      |            ^~~~~~~~~~~~~~~~~~~~~~~~~~~~~~~~~~
[sp1]    cargo:warning=depend/secp256k1/src/scalar.h:79:12: warning: unused function 'rustsecp256k1_v0_11_scalar_is_high' [-Wunused-function]
[sp1]    cargo:warning=   79 | static int rustsecp256k1_v0_11_scalar_is_high(const rustsecp256k1_v0_11_scalar *a);
[sp1]    cargo:warning=      |            ^~~~~~~~~~~~~~~~~~~~~~~~~~~~~~~~~~
[sp1]    cargo:warning=depend/secp256k1/src/scalar.h:83:12: warning: unused function 'rustsecp256k1_v0_11_scalar_cond_negate' [-Wunused-function]
[sp1]    cargo:warning=   83 | static int rustsecp256k1_v0_11_scalar_cond_negate(rustsecp256k1_v0_11_scalar *a, int flag);
[sp1]    cargo:warning=      |            ^~~~~~~~~~~~~~~~~~~~~~~~~~~~~~~~~~~~~~
[sp1]    cargo:warning=depend/secp256k1/src/scalar.h:86:12: warning: unused function 'rustsecp256k1_v0_11_scalar_eq' [-Wunused-function]
[sp1]    cargo:warning=   86 | static int rustsecp256k1_v0_11_scalar_eq(const rustsecp256k1_v0_11_scalar *a, const rustsecp256k1_v0_11_scalar *b);
[sp1]    cargo:warning=      |            ^~~~~~~~~~~~~~~~~~~~~~~~~~~~~
[sp1]    cargo:warning=depend/secp256k1/src/scalar.h:89:13: warning: unused function 'rustsecp256k1_v0_11_scalar_split_128' [-Wunused-function]
[sp1]    cargo:warning=   89 | static void rustsecp256k1_v0_11_scalar_split_128(rustsecp256k1_v0_11_scalar *r1, rustsecp256k1_v0_11_scalar *r2, const rustsecp256k1_v0_11_scalar *k);
[sp1]    cargo:warning=      |             ^~~~~~~~~~~~~~~~~~~~~~~~~~~~~~~~~~~~
[sp1]    cargo:warning=depend/secp256k1/src/scalar.h:93:13: warning: unused function 'rustsecp256k1_v0_11_scalar_split_lambda' [-Wunused-function]
[sp1]    cargo:warning=   93 | static void rustsecp256k1_v0_11_scalar_split_lambda(rustsecp256k1_v0_11_scalar * SECP256K1_RESTRICT r1, rustsecp256k1_v0_11_scalar * SECP256K1_RESTRICT r2, const rustsecp256k1_v0_11_scalar * SECP256K1_RESTRICT k);
[sp1]    cargo:warning=      |             ^~~~~~~~~~~~~~~~~~~~~~~~~~~~~~~~~~~~~~~
[sp1]    cargo:warning=depend/secp256k1/src/scalar.h:96:13: warning: unused function 'rustsecp256k1_v0_11_scalar_mul_shift_var' [-Wunused-function]
[sp1]    cargo:warning=   96 | static void rustsecp256k1_v0_11_scalar_mul_shift_var(rustsecp256k1_v0_11_scalar *r, const rustsecp256k1_v0_11_scalar *a, const rustsecp256k1_v0_11_scalar *b, unsigned int shift);
[sp1]    cargo:warning=      |             ^~~~~~~~~~~~~~~~~~~~~~~~~~~~~~~~~~~~~~~~
[sp1]    cargo:warning=depend/secp256k1/src/scalar.h:99:13: warning: unused function 'rustsecp256k1_v0_11_scalar_cmov' [-Wunused-function]
[sp1]    cargo:warning=   99 | static void rustsecp256k1_v0_11_scalar_cmov(rustsecp256k1_v0_11_scalar *r, const rustsecp256k1_v0_11_scalar *a, int flag);
[sp1]    cargo:warning=      |             ^~~~~~~~~~~~~~~~~~~~~~~~~~~~~~~
[sp1]    cargo:warning=depend/secp256k1/src/scalar.h:102:13: warning: unused function 'rustsecp256k1_v0_11_scalar_verify' [-Wunused-function]
[sp1]    cargo:warning=  102 | static void rustsecp256k1_v0_11_scalar_verify(const rustsecp256k1_v0_11_scalar *r);
[sp1]    cargo:warning=      |             ^~~~~~~~~~~~~~~~~~~~~~~~~~~~~~~~~
[sp1]    cargo:warning=In file included from depend/secp256k1/src/precomputed_ecmult_gen.c:4:
[sp1]    cargo:warning=depend/secp256k1/src/ecmult_gen.h:135:13: warning: unused function 'rustsecp256k1_v0_11_ecmult_gen_context_build' [-Wunused-function]
[sp1]    cargo:warning=  135 | static void rustsecp256k1_v0_11_ecmult_gen_context_build(rustsecp256k1_v0_11_ecmult_gen_context* ctx);
[sp1]    cargo:warning=      |             ^~~~~~~~~~~~~~~~~~~~~~~~~~~~~~~~~~~~~~~~~~~~
[sp1]    cargo:warning=depend/secp256k1/src/ecmult_gen.h:136:13: warning: unused function 'rustsecp256k1_v0_11_ecmult_gen_context_clear' [-Wunused-function]
[sp1]    cargo:warning=  136 | static void rustsecp256k1_v0_11_ecmult_gen_context_clear(rustsecp256k1_v0_11_ecmult_gen_context* ctx);
[sp1]    cargo:warning=      |             ^~~~~~~~~~~~~~~~~~~~~~~~~~~~~~~~~~~~~~~~~~~~
[sp1]    cargo:warning=depend/secp256k1/src/ecmult_gen.h:139:13: warning: unused function 'rustsecp256k1_v0_11_ecmult_gen' [-Wunused-function]
[sp1]    cargo:warning=  139 | static void rustsecp256k1_v0_11_ecmult_gen(const rustsecp256k1_v0_11_ecmult_gen_context* ctx, rustsecp256k1_v0_11_gej *r, const rustsecp256k1_v0_11_scalar *a);
[sp1]    cargo:warning=      |             ^~~~~~~~~~~~~~~~~~~~~~~~~~~~~~
[sp1]    cargo:warning=depend/secp256k1/src/ecmult_gen.h:141:13: warning: unused function 'rustsecp256k1_v0_11_ecmult_gen_blind' [-Wunused-function]
[sp1]    cargo:warning=  141 | static void rustsecp256k1_v0_11_ecmult_gen_blind(rustsecp256k1_v0_11_ecmult_gen_context *ctx, const unsigned char *seed32);
[sp1]    cargo:warning=      |             ^~~~~~~~~~~~~~~~~~~~~~~~~~~~~~~~~~~~
[sp1]    cargo:warning=error: unable to create target: 'No available targets are compatible with triple "riscv64-succinct-zkvm"'
[sp1]    cargo:warning=102 warnings and 1 error generated.
[sp1]  
[sp1]    exit status: 1
[sp1]    cargo:warning=ToolExecError: command did not execute successfully (status code exit status: 1): LC_ALL="C" "cc" "-O3" "-ffunction-sections" "-fdata-sections" "-fPIC" "--target=riscv64-succinct-zkvm" "-I" "depend/secp256k1/" "-I" "depend/secp256k1/include" "-I" "depend/secp256k1/src" "-I" "wasm/wasm-sysroot" "-Wall" "-Wextra" "-DSECP256K1_API=" "-DENABLE_MODULE_ECDH=1" "-DENABLE_MODULE_SCHNORRSIG=1" "-DENABLE_MODULE_EXTRAKEYS=1" "-DENABLE_MODULE_ELLSWIFT=1" "-Dprintf(...)=" "-DECMULT_GEN_PREC_BITS=4" "-DECMULT_WINDOW_SIZE=15" "-DUSE_EXTERNAL_DEFAULT_CALLBACKS=1" "-DENABLE_MODULE_RECOVERY=1" "-o" "/Users/hiroyusai/src/sworn/spikes/zone-spf/guest/target/elf-compilation/riscv64im-succinct-zkvm-elf/release/build/secp256k1-sys-6abf63b1e0cc63bc/out/fce6141bfa9bf74c-precomputed_ecmult_gen.o" "-c" "depend/secp256k1/src/precomputed_ecmult_gen.c"cargo:warning=In file included from depend/secp256k1/src/secp256k1.c:39:
[sp1]    cargo:warning=depend/secp256k1/src/hsort_impl.h:30:5: error: call to undeclared library function 'memmove' with type 'void *(void *, const void *, unsigned long)'; ISO C99 and later do not support implicit function declarations [-Wimplicit-function-declaration]
[sp1]    cargo:warning=   30 |     memmove(a, b, len);
[sp1]    cargo:warning=      |     ^
[sp1]    cargo:warning=depend/secp256k1/src/hsort_impl.h:30:5: note: include the header <string.h> or explicitly provide a declaration for 'memmove'
[sp1]    cargo:warning=1 error generated.
[sp1]  
[sp1]    exit status: 1
[sp1]    cargo:warning=ToolExecError: command did not execute successfully (status code exit status: 1): LC_ALL="C" "cc" "-O3" "-ffunction-sections" "-fdata-sections" "-fPIC" "--target=riscv64-succinct-zkvm" "-I" "depend/secp256k1/" "-I" "depend/secp256k1/include" "-I" "depend/secp256k1/src" "-I" "wasm/wasm-sysroot" "-Wall" "-Wextra" "-DSECP256K1_API=" "-DENABLE_MODULE_ECDH=1" "-DENABLE_MODULE_SCHNORRSIG=1" "-DENABLE_MODULE_EXTRAKEYS=1" "-DENABLE_MODULE_ELLSWIFT=1" "-Dprintf(...)=" "-DECMULT_GEN_PREC_BITS=4" "-DECMULT_WINDOW_SIZE=15" "-DUSE_EXTERNAL_DEFAULT_CALLBACKS=1" "-DENABLE_MODULE_RECOVERY=1" "-o" "/Users/hiroyusai/src/sworn/spikes/zone-spf/guest/target/elf-compilation/riscv64im-succinct-zkvm-elf/release/build/secp256k1-sys-6abf63b1e0cc63bc/out/fce6141bfa9bf74c-secp256k1.o" "-c" "depend/secp256k1/src/secp256k1.c"cargo:warning=In file included from depend/secp256k1/src/precomputed_ecmult.c:5:
[sp1]    cargo:warning=In file included from depend/secp256k1/src/group.h:10:
[sp1]    cargo:warning=depend/secp256k1/src/field.h:111:13: warning: unused function 'rustsecp256k1_v0_11_fe_impl_normalize' [-Wunused-function]
[sp1]    cargo:warning=  111 | static void rustsecp256k1_v0_11_fe_normalize(rustsecp256k1_v0_11_fe *r);
[sp1]    cargo:warning=      |             ^~~~~~~~~~~~~~~~~~~~~~~~~~~~~~~~
[sp1]    cargo:warning=depend/secp256k1/src/field.h:78:44: note: expanded from macro 'rustsecp256k1_v0_11_fe_normalize'
[sp1]    cargo:warning=   78 | #  define rustsecp256k1_v0_11_fe_normalize rustsecp256k1_v0_11_fe_impl_normalize
[sp1]    cargo:warning=      |                                            ^~~~~~~~~~~~~~~~~~~~~~~~~~~~~~~~~~~~~
[sp1]    cargo:warning=depend/secp256k1/src/field.h:118:13: warning: unused function 'rustsecp256k1_v0_11_fe_impl_normalize_weak' [-Wunused-function]
[sp1]    cargo:warning=  118 | static void rustsecp256k1_v0_11_fe_normalize_weak(rustsecp256k1_v0_11_fe *r);
[sp1]    cargo:warning=      |             ^~~~~~~~~~~~~~~~~~~~~~~~~~~~~~~~~~~~~
[sp1]    cargo:warning=depend/secp256k1/src/field.h:79:49: note: expanded from macro 'rustsecp256k1_v0_11_fe_normalize_weak'
[sp1]    cargo:warning=   79 | #  define rustsecp256k1_v0_11_fe_normalize_weak rustsecp256k1_v0_11_fe_impl_normalize_weak
[sp1]    cargo:warning=      |                                                 ^~~~~~~~~~~~~~~~~~~~~~~~~~~~~~~~~~~~~~~~~~
[sp1]    cargo:warning=depend/secp256k1/src/field.h:124:13: warning: unused function 'rustsecp256k1_v0_11_fe_impl_normalize_var' [-Wunused-function]
[sp1]    cargo:warning=  124 | static void rustsecp256k1_v0_11_fe_normalize_var(rustsecp256k1_v0_11_fe *r);
[sp1]    cargo:warning=      |             ^~~~~~~~~~~~~~~~~~~~~~~~~~~~~~~~~~~~
[sp1]    cargo:warning=depend/secp256k1/src/field.h:80:48: note: expanded from macro 'rustsecp256k1_v0_11_fe_normalize_var'
[sp1]    cargo:warning=   80 | #  define rustsecp256k1_v0_11_fe_normalize_var rustsecp256k1_v0_11_fe_impl_normalize_var
[sp1]    cargo:warning=      |                                                ^~~~~~~~~~~~~~~~~~~~~~~~~~~~~~~~~~~~~~~~~
[sp1]    cargo:warning=depend/secp256k1/src/field.h:131:12: warning: unused function 'rustsecp256k1_v0_11_fe_impl_normalizes_to_zero' [-Wunused-function]
[sp1]    cargo:warning=  131 | static int rustsecp256k1_v0_11_fe_normalizes_to_zero(const rustsecp256k1_v0_11_fe *r);
[sp1]    cargo:warning=      |            ^~~~~~~~~~~~~~~~~~~~~~~~~~~~~~~~~~~~~~~~~
[sp1]    cargo:warning=depend/secp256k1/src/field.h:81:53: note: expanded from macro 'rustsecp256k1_v0_11_fe_normalizes_to_zero'
[sp1]    cargo:warning=   81 | #  define rustsecp256k1_v0_11_fe_normalizes_to_zero rustsecp256k1_v0_11_fe_impl_normalizes_to_zero
[sp1]    cargo:warning=      |                                                     ^~~~~~~~~~~~~~~~~~~~~~~~~~~~~~~~~~~~~~~~~~~~~~
[sp1]    cargo:warning=depend/secp256k1/src/field.h:137:12: warning: unused function 'rustsecp256k1_v0_11_fe_impl_normalizes_to_zero_var' [-Wunused-function]
[sp1]    cargo:warning=  137 | static int rustsecp256k1_v0_11_fe_normalizes_to_zero_var(const rustsecp256k1_v0_11_fe *r);
[sp1]    cargo:warning=      |            ^~~~~~~~~~~~~~~~~~~~~~~~~~~~~~~~~~~~~~~~~~~~~
[sp1]    cargo:warning=depend/secp256k1/src/field.h:82:57: note: expanded from macro 'rustsecp256k1_v0_11_fe_normalizes_to_zero_var'
[sp1]    cargo:warning=   82 | #  define rustsecp256k1_v0_11_fe_normalizes_to_zero_var rustsecp256k1_v0_11_fe_impl_normalizes_to_zero_var
[sp1]    cargo:warning=      |                                                         ^~~~~~~~~~~~~~~~~~~~~~~~~~~~~~~~~~~~~~~~~~~~~~~~~~
[sp1]    cargo:warning=depend/secp256k1/src/field.h:144:13: warning: unused function 'rustsecp256k1_v0_11_fe_impl_set_int' [-Wunused-function]
[sp1]    cargo:warning=  144 | static void rustsecp256k1_v0_11_fe_set_int(rustsecp256k1_v0_11_fe *r, int a);
[sp1]    cargo:warning=      |             ^~~~~~~~~~~~~~~~~~~~~~~~~~~~~~
[sp1]    cargo:warning=depend/secp256k1/src/field.h:83:42: note: expanded from macro 'rustsecp256k1_v0_11_fe_set_int'
[sp1]    cargo:warning=   83 | #  define rustsecp256k1_v0_11_fe_set_int rustsecp256k1_v0_11_fe_impl_set_int
[sp1]    cargo:warning=      |                                          ^~~~~~~~~~~~~~~~~~~~~~~~~~~~~~~~~~~
[sp1]    cargo:warning=depend/secp256k1/src/field.h:147:13: warning: unused function 'rustsecp256k1_v0_11_fe_clear' [-Wunused-function]
[sp1]    cargo:warning=  147 | static void rustsecp256k1_v0_11_fe_clear(rustsecp256k1_v0_11_fe *a);
[sp1]    cargo:warning=      |             ^~~~~~~~~~~~~~~~~~~~~~~~~~~~
[sp1]    cargo:warning=depend/secp256k1/src/field.h:157:12: warning: unused function 'rustsecp256k1_v0_11_fe_impl_is_zero' [-Wunused-function]
[sp1]    cargo:warning=  157 | static int rustsecp256k1_v0_11_fe_is_zero(const rustsecp256k1_v0_11_fe *a);
[sp1]    cargo:warning=      |            ^~~~~~~~~~~~~~~~~~~~~~~~~~~~~~
[sp1]    cargo:warning=depend/secp256k1/src/field.h:84:42: note: expanded from macro 'rustsecp256k1_v0_11_fe_is_zero'
[sp1]    cargo:warning=   84 | #  define rustsecp256k1_v0_11_fe_is_zero rustsecp256k1_v0_11_fe_impl_is_zero
[sp1]    cargo:warning=      |                                          ^~~~~~~~~~~~~~~~~~~~~~~~~~~~~~~~~~~
[sp1]    cargo:warning=depend/secp256k1/src/field.h:164:12: warning: unused function 'rustsecp256k1_v0_11_fe_impl_is_odd' [-Wunused-function]
[sp1]    cargo:warning=  164 | static int rustsecp256k1_v0_11_fe_is_odd(const rustsecp256k1_v0_11_fe *a);
[sp1]    cargo:warning=      |            ^~~~~~~~~~~~~~~~~~~~~~~~~~~~~
[sp1]    cargo:warning=depend/secp256k1/src/field.h:85:41: note: expanded from macro 'rustsecp256k1_v0_11_fe_is_odd'
[sp1]    cargo:warning=   85 | #  define rustsecp256k1_v0_11_fe_is_odd rustsecp256k1_v0_11_fe_impl_is_odd
[sp1]    cargo:warning=      |                                         ^~~~~~~~~~~~~~~~~~~~~~~~~~~~~~~~~~
[sp1]    cargo:warning=depend/secp256k1/src/field.h:172:12: warning: unused function 'rustsecp256k1_v0_11_fe_equal' [-Wunused-function]
[sp1]    cargo:warning=  172 | static int rustsecp256k1_v0_11_fe_equal(const rustsecp256k1_v0_11_fe *a, const rustsecp256k1_v0_11_fe *b);
[sp1]    cargo:warning=      |            ^~~~~~~~~~~~~~~~~~~~~~~~~~~~
[sp1]    cargo:warning=depend/secp256k1/src/field.h:180:12: warning: unused function 'rustsecp256k1_v0_11_fe_impl_cmp_var' [-Wunused-function]
[sp1]    cargo:warning=  180 | static int rustsecp256k1_v0_11_fe_cmp_var(const rustsecp256k1_v0_11_fe *a, const rustsecp256k1_v0_11_fe *b);
[sp1]    cargo:warning=      |            ^~~~~~~~~~~~~~~~~~~~~~~~~~~~~~
[sp1]    cargo:warning=depend/secp256k1/src/field.h:86:42: note: expanded from macro 'rustsecp256k1_v0_11_fe_cmp_var'
[sp1]    cargo:warning=   86 | #  define rustsecp256k1_v0_11_fe_cmp_var rustsecp256k1_v0_11_fe_impl_cmp_var
[sp1]    cargo:warning=      |                                          ^~~~~~~~~~~~~~~~~~~~~~~~~~~~~~~~~~~
[sp1]    cargo:warning=depend/secp256k1/src/field.h:188:13: warning: unused function 'rustsecp256k1_v0_11_fe_impl_set_b32_mod' [-Wunused-function]
[sp1]    cargo:warning=  188 | static void rustsecp256k1_v0_11_fe_set_b32_mod(rustsecp256k1_v0_11_fe *r, const unsigned char *a);
[sp1]    cargo:warning=      |             ^~~~~~~~~~~~~~~~~~~~~~~~~~~~~~~~~~
[sp1]    cargo:warning=depend/secp256k1/src/field.h:87:46: note: expanded from macro 'rustsecp256k1_v0_11_fe_set_b32_mod'
[sp1]    cargo:warning=   87 | #  define rustsecp256k1_v0_11_fe_set_b32_mod rustsecp256k1_v0_11_fe_impl_set_b32_mod
[sp1]    cargo:warning=      |                                              ^~~~~~~~~~~~~~~~~~~~~~~~~~~~~~~~~~~~~~~
[sp1]    cargo:warning=depend/secp256k1/src/field.h:196:12: warning: unused function 'rustsecp256k1_v0_11_fe_impl_set_b32_limit' [-Wunused-function]
[sp1]    cargo:warning=  196 | static int rustsecp256k1_v0_11_fe_set_b32_limit(rustsecp256k1_v0_11_fe *r, const unsigned char *a);
[sp1]    cargo:warning=      |            ^~~~~~~~~~~~~~~~~~~~~~~~~~~~~~~~~~~~
[sp1]    cargo:warning=depend/secp256k1/src/field.h:88:48: note: expanded from macro 'rustsecp256k1_v0_11_fe_set_b32_limit'
[sp1]    cargo:warning=   88 | #  define rustsecp256k1_v0_11_fe_set_b32_limit rustsecp256k1_v0_11_fe_impl_set_b32_limit
[sp1]    cargo:warning=      |                                                ^~~~~~~~~~~~~~~~~~~~~~~~~~~~~~~~~~~~~~~~~
[sp1]    cargo:warning=depend/secp256k1/src/field.h:202:13: warning: unused function 'rustsecp256k1_v0_11_fe_impl_get_b32' [-Wunused-function]
[sp1]    cargo:warning=  202 | static void rustsecp256k1_v0_11_fe_get_b32(unsigned char *r, const rustsecp256k1_v0_11_fe *a);
[sp1]    cargo:warning=      |             ^~~~~~~~~~~~~~~~~~~~~~~~~~~~~~
[sp1]    cargo:warning=depend/secp256k1/src/field.h:89:42: note: expanded from macro 'rustsecp256k1_v0_11_fe_get_b32'
[sp1]    cargo:warning=   89 | #  define rustsecp256k1_v0_11_fe_get_b32 rustsecp256k1_v0_11_fe_impl_get_b32
[sp1]    cargo:warning=      |                                          ^~~~~~~~~~~~~~~~~~~~~~~~~~~~~~~~~~~
[sp1]    cargo:warning=depend/secp256k1/src/field.h:217:13: warning: unused function 'rustsecp256k1_v0_11_fe_impl_negate_unchecked' [-Wunused-function]
[sp1]    cargo:warning=  217 | static void rustsecp256k1_v0_11_fe_negate_unchecked(rustsecp256k1_v0_11_fe *r, const rustsecp256k1_v0_11_fe *a, int m);
[sp1]    cargo:warning=      |             ^~~~~~~~~~~~~~~~~~~~~~~~~~~~~~~~~~~~~~~
[sp1]    cargo:warning=depend/secp256k1/src/field.h:90:51: note: expanded from macro 'rustsecp256k1_v0_11_fe_negate_unchecked'
[sp1]    cargo:warning=   90 | #  define rustsecp256k1_v0_11_fe_negate_unchecked rustsecp256k1_v0_11_fe_impl_negate_unchecked
[sp1]    cargo:warning=      |                                                   ^~~~~~~~~~~~~~~~~~~~~~~~~~~~~~~~~~~~~~~~~~~~
[sp1]    cargo:warning=depend/secp256k1/src/field.h:224:13: warning: unused function 'rustsecp256k1_v0_11_fe_impl_add_int' [-Wunused-function]
[sp1]    cargo:warning=  224 | static void rustsecp256k1_v0_11_fe_add_int(rustsecp256k1_v0_11_fe *r, int a);
[sp1]    cargo:warning=      |             ^~~~~~~~~~~~~~~~~~~~~~~~~~~~~~
[sp1]    cargo:warning=depend/secp256k1/src/field.h:102:42: note: expanded from macro 'rustsecp256k1_v0_11_fe_add_int'
[sp1]    cargo:warning=  102 | #  define rustsecp256k1_v0_11_fe_add_int rustsecp256k1_v0_11_fe_impl_add_int
[sp1]    cargo:warning=      |                                          ^~~~~~~~~~~~~~~~~~~~~~~~~~~~~~~~~~~
[sp1]    cargo:warning=depend/secp256k1/src/field.h:239:13: warning: unused function 'rustsecp256k1_v0_11_fe_impl_mul_int_unchecked' [-Wunused-function]
[sp1]    cargo:warning=  239 | static void rustsecp256k1_v0_11_fe_mul_int_unchecked(rustsecp256k1_v0_11_fe *r, int a);
[sp1]    cargo:warning=      |             ^~~~~~~~~~~~~~~~~~~~~~~~~~~~~~~~~~~~~~~~
[sp1]    cargo:warning=depend/secp256k1/src/field.h:91:52: note: expanded from macro 'rustsecp256k1_v0_11_fe_mul_int_unchecked'
[sp1]    cargo:warning=   91 | #  define rustsecp256k1_v0_11_fe_mul_int_unchecked rustsecp256k1_v0_11_fe_impl_mul_int_unchecked
[sp1]    cargo:warning=      |                                                    ^~~~~~~~~~~~~~~~~~~~~~~~~~~~~~~~~~~~~~~~~~~~~
[sp1]    cargo:warning=depend/secp256k1/src/field.h:248:13: warning: unused function 'rustsecp256k1_v0_11_fe_impl_add' [-Wunused-function]
[sp1]    cargo:warning=  248 | static void rustsecp256k1_v0_11_fe_add(rustsecp256k1_v0_11_fe *r, const rustsecp256k1_v0_11_fe *a);
[sp1]    cargo:warning=      |             ^~~~~~~~~~~~~~~~~~~~~~~~~~
[sp1]    cargo:warning=depend/secp256k1/src/field.h:92:38: note: expanded from macro 'rustsecp256k1_v0_11_fe_add'
[sp1]    cargo:warning=   92 | #  define rustsecp256k1_v0_11_fe_add rustsecp256k1_v0_11_fe_impl_add
[sp1]    cargo:warning=      |                                      ^~~~~~~~~~~~~~~~~~~~~~~~~~~~~~~
[sp1]    cargo:warning=depend/secp256k1/src/field.h:258:13: warning: unused function 'rustsecp256k1_v0_11_fe_impl_mul' [-Wunused-function]
[sp1]    cargo:warning=  258 | static void rustsecp256k1_v0_11_fe_mul(rustsecp256k1_v0_11_fe *r, const rustsecp256k1_v0_11_fe *a, const rustsecp256k1_v0_11_fe * SECP256K1_RESTRICT b);
[sp1]    cargo:warning=      |             ^~~~~~~~~~~~~~~~~~~~~~~~~~
[sp1]    cargo:warning=depend/secp256k1/src/field.h:93:38: note: expanded from macro 'rustsecp256k1_v0_11_fe_mul'
[sp1]    cargo:warning=   93 | #  define rustsecp256k1_v0_11_fe_mul rustsecp256k1_v0_11_fe_impl_mul
[sp1]    cargo:warning=      |                                      ^~~~~~~~~~~~~~~~~~~~~~~~~~~~~~~
[sp1]    cargo:warning=depend/secp256k1/src/field.h:267:13: warning: unused function 'rustsecp256k1_v0_11_fe_impl_sqr' [-Wunused-function]
[sp1]    cargo:warning=  267 | static void rustsecp256k1_v0_11_fe_sqr(rustsecp256k1_v0_11_fe *r, const rustsecp256k1_v0_11_fe *a);
[sp1]    cargo:warning=      |             ^~~~~~~~~~~~~~~~~~~~~~~~~~
[sp1]    cargo:warning=depend/secp256k1/src/field.h:94:38: note: expanded from macro 'rustsecp256k1_v0_11_fe_sqr'
[sp1]    cargo:warning=   94 | #  define rustsecp256k1_v0_11_fe_sqr rustsecp256k1_v0_11_fe_impl_sqr
[sp1]    cargo:warning=      |                                      ^~~~~~~~~~~~~~~~~~~~~~~~~~~~~~~
[sp1]    cargo:warning=depend/secp256k1/src/field.h:278:12: warning: unused function 'rustsecp256k1_v0_11_fe_sqrt' [-Wunused-function]
[sp1]    cargo:warning=  278 | static int rustsecp256k1_v0_11_fe_sqrt(rustsecp256k1_v0_11_fe * SECP256K1_RESTRICT r, const rustsecp256k1_v0_11_fe * SECP256K1_RESTRICT a);
[sp1]    cargo:warning=      |            ^~~~~~~~~~~~~~~~~~~~~~~~~~~
[sp1]    cargo:warning=depend/secp256k1/src/field.h:287:13: warning: unused function 'rustsecp256k1_v0_11_fe_impl_inv' [-Wunused-function]
[sp1]    cargo:warning=  287 | static void rustsecp256k1_v0_11_fe_inv(rustsecp256k1_v0_11_fe *r, const rustsecp256k1_v0_11_fe *a);
[sp1]    cargo:warning=      |             ^~~~~~~~~~~~~~~~~~~~~~~~~~
[sp1]    cargo:warning=depend/secp256k1/src/field.h:98:38: note: expanded from macro 'rustsecp256k1_v0_11_fe_inv'
[sp1]    cargo:warning=   98 | #  define rustsecp256k1_v0_11_fe_inv rustsecp256k1_v0_11_fe_impl_inv
[sp1]    cargo:warning=      |                                      ^~~~~~~~~~~~~~~~~~~~~~~~~~~~~~~
[sp1]    cargo:warning=depend/secp256k1/src/field.h:293:13: warning: unused function 'rustsecp256k1_v0_11_fe_impl_inv_var' [-Wunused-function]
[sp1]    cargo:warning=  293 | static void rustsecp256k1_v0_11_fe_inv_var(rustsecp256k1_v0_11_fe *r, const rustsecp256k1_v0_11_fe *a);
[sp1]    cargo:warning=      |             ^~~~~~~~~~~~~~~~~~~~~~~~~~~~~~
[sp1]    cargo:warning=depend/secp256k1/src/field.h:99:42: note: expanded from macro 'rustsecp256k1_v0_11_fe_inv_var'
[sp1]    cargo:warning=   99 | #  define rustsecp256k1_v0_11_fe_inv_var rustsecp256k1_v0_11_fe_impl_inv_var
[sp1]    cargo:warning=      |                                          ^~~~~~~~~~~~~~~~~~~~~~~~~~~~~~~~~~~
[sp1]    cargo:warning=depend/secp256k1/src/field.h:300:13: warning: unused function 'rustsecp256k1_v0_11_fe_impl_to_storage' [-Wunused-function]
[sp1]    cargo:warning=  300 | static void rustsecp256k1_v0_11_fe_to_storage(rustsecp256k1_v0_11_fe_storage *r, const rustsecp256k1_v0_11_fe *a);
[sp1]    cargo:warning=      |             ^~~~~~~~~~~~~~~~~~~~~~~~~~~~~~~~~
[sp1]    cargo:warning=depend/secp256k1/src/field.h:96:45: note: expanded from macro 'rustsecp256k1_v0_11_fe_to_storage'
[sp1]    cargo:warning=   96 | #  define rustsecp256k1_v0_11_fe_to_storage rustsecp256k1_v0_11_fe_impl_to_storage
[sp1]    cargo:warning=      |                                             ^~~~~~~~~~~~~~~~~~~~~~~~~~~~~~~~~~~~~~
[sp1]    cargo:warning=depend/secp256k1/src/field.h:308:13: warning: unused function 'rustsecp256k1_v0_11_fe_impl_from_storage' [-Wunused-function]
[sp1]    cargo:warning=  308 | static void rustsecp256k1_v0_11_fe_from_storage(rustsecp256k1_v0_11_fe *r, const rustsecp256k1_v0_11_fe_storage *a);
[sp1]    cargo:warning=      |             ^~~~~~~~~~~~~~~~~~~~~~~~~~~~~~~~~~~
[sp1]    cargo:warning=depend/secp256k1/src/field.h:97:47: note: expanded from macro 'rustsecp256k1_v0_11_fe_from_storage'
[sp1]    cargo:warning=   97 | #  define rustsecp256k1_v0_11_fe_from_storage rustsecp256k1_v0_11_fe_impl_from_storage
[sp1]    cargo:warning=      |                                               ^~~~~~~~~~~~~~~~~~~~~~~~~~~~~~~~~~~~~~~~
[sp1]    cargo:warning=depend/secp256k1/src/field.h:311:13: warning: unused function 'rustsecp256k1_v0_11_fe_storage_cmov' [-Wunused-function]
[sp1]    cargo:warning=  311 | static void rustsecp256k1_v0_11_fe_storage_cmov(rustsecp256k1_v0_11_fe_storage *r, const rustsecp256k1_v0_11_fe_storage *a, int flag);
[sp1]    cargo:warning=      |             ^~~~~~~~~~~~~~~~~~~~~~~~~~~~~~~~~~~
[sp1]    cargo:warning=depend/secp256k1/src/field.h:321:13: warning: unused function 'rustsecp256k1_v0_11_fe_impl_cmov' [-Wunused-function]
[sp1]    cargo:warning=  321 | static void rustsecp256k1_v0_11_fe_cmov(rustsecp256k1_v0_11_fe *r, const rustsecp256k1_v0_11_fe *a, int flag);
[sp1]    cargo:warning=      |             ^~~~~~~~~~~~~~~~~~~~~~~~~~~
[sp1]    cargo:warning=depend/secp256k1/src/field.h:95:39: note: expanded from macro 'rustsecp256k1_v0_11_fe_cmov'
[sp1]    cargo:warning=   95 | #  define rustsecp256k1_v0_11_fe_cmov rustsecp256k1_v0_11_fe_impl_cmov
[sp1]    cargo:warning=      |                                       ^~~~~~~~~~~~~~~~~~~~~~~~~~~~~~~~
[sp1]    cargo:warning=depend/secp256k1/src/field.h:329:13: warning: unused function 'rustsecp256k1_v0_11_fe_impl_half' [-Wunused-function]
[sp1]    cargo:warning=  329 | static void rustsecp256k1_v0_11_fe_half(rustsecp256k1_v0_11_fe *r);
[sp1]    cargo:warning=      |             ^~~~~~~~~~~~~~~~~~~~~~~~~~~
[sp1]    cargo:warning=depend/secp256k1/src/field.h:101:39: note: expanded from macro 'rustsecp256k1_v0_11_fe_half'
[sp1]    cargo:warning=  101 | #  define rustsecp256k1_v0_11_fe_half rustsecp256k1_v0_11_fe_impl_half
[sp1]    cargo:warning=      |                                       ^~~~~~~~~~~~~~~~~~~~~~~~~~~~~~~~
[sp1]    cargo:warning=depend/secp256k1/src/field.h:334:13: warning: unused function 'rustsecp256k1_v0_11_fe_impl_get_bounds' [-Wunused-function]
[sp1]    cargo:warning=  334 | static void rustsecp256k1_v0_11_fe_get_bounds(rustsecp256k1_v0_11_fe *r, int m);
[sp1]    cargo:warning=      |             ^~~~~~~~~~~~~~~~~~~~~~~~~~~~~~~~~
[sp1]    cargo:warning=depend/secp256k1/src/field.h:100:45: note: expanded from macro 'rustsecp256k1_v0_11_fe_get_bounds'
[sp1]    cargo:warning=  100 | #  define rustsecp256k1_v0_11_fe_get_bounds rustsecp256k1_v0_11_fe_impl_get_bounds
[sp1]    cargo:warning=      |                                             ^~~~~~~~~~~~~~~~~~~~~~~~~~~~~~~~~~~~~~
[sp1]    cargo:warning=depend/secp256k1/src/field.h:340:12: warning: unused function 'rustsecp256k1_v0_11_fe_impl_is_square_var' [-Wunused-function]
[sp1]    cargo:warning=  340 | static int rustsecp256k1_v0_11_fe_is_square_var(const rustsecp256k1_v0_11_fe *a);
[sp1]    cargo:warning=      |            ^~~~~~~~~~~~~~~~~~~~~~~~~~~~~~~~~~~~
[sp1]    cargo:warning=depend/secp256k1/src/field.h:103:48: note: expanded from macro 'rustsecp256k1_v0_11_fe_is_square_var'
[sp1]    cargo:warning=  103 | #  define rustsecp256k1_v0_11_fe_is_square_var rustsecp256k1_v0_11_fe_impl_is_square_var
[sp1]    cargo:warning=      |                                                ^~~~~~~~~~~~~~~~~~~~~~~~~~~~~~~~~~~~~~~~~
[sp1]    cargo:warning=depend/secp256k1/src/field.h:343:13: warning: unused function 'rustsecp256k1_v0_11_fe_verify' [-Wunused-function]
[sp1]    cargo:warning=  343 | static void rustsecp256k1_v0_11_fe_verify(const rustsecp256k1_v0_11_fe *a);
[sp1]    cargo:warning=      |             ^~~~~~~~~~~~~~~~~~~~~~~~~~~~~
[sp1]    cargo:warning=depend/secp256k1/src/field.h:347:13: warning: unused function 'rustsecp256k1_v0_11_fe_verify_magnitude' [-Wunused-function]
[sp1]    cargo:warning=  347 | static void rustsecp256k1_v0_11_fe_verify_magnitude(const rustsecp256k1_v0_11_fe *a, int m);
[sp1]    cargo:warning=      |             ^~~~~~~~~~~~~~~~~~~~~~~~~~~~~~~~~~~~~~~
[sp1]    cargo:warning=In file included from depend/secp256k1/src/precomputed_ecmult.c:5:
[sp1]    cargo:warning=depend/secp256k1/src/group.h:56:13: warning: unused function 'rustsecp256k1_v0_11_ge_set_xy' [-Wunused-function]
[sp1]    cargo:warning=   56 | static void rustsecp256k1_v0_11_ge_set_xy(rustsecp256k1_v0_11_ge *r, const rustsecp256k1_v0_11_fe *x, const rustsecp256k1_v0_11_fe *y);
[sp1]    cargo:warning=      |             ^~~~~~~~~~~~~~~~~~~~~~~~~~~~~
[sp1]    cargo:warning=depend/secp256k1/src/group.h:60:12: warning: unused function 'rustsecp256k1_v0_11_ge_set_xo_var' [-Wunused-function]
[sp1]    cargo:warning=   60 | static int rustsecp256k1_v0_11_ge_set_xo_var(rustsecp256k1_v0_11_ge *r, const rustsecp256k1_v0_11_fe *x, int odd);
[sp1]    cargo:warning=      |            ^~~~~~~~~~~~~~~~~~~~~~~~~~~~~~~~~
[sp1]    cargo:warning=depend/secp256k1/src/group.h:63:12: warning: unused function 'rustsecp256k1_v0_11_ge_x_on_curve_var' [-Wunused-function]
[sp1]    cargo:warning=   63 | static int rustsecp256k1_v0_11_ge_x_on_curve_var(const rustsecp256k1_v0_11_fe *x);
[sp1]    cargo:warning=      |            ^~~~~~~~~~~~~~~~~~~~~~~~~~~~~~~~~~~~~
[sp1]    cargo:warning=depend/secp256k1/src/group.h:66:12: warning: unused function 'rustsecp256k1_v0_11_ge_x_frac_on_curve_var' [-Wunused-function]
[sp1]    cargo:warning=   66 | static int rustsecp256k1_v0_11_ge_x_frac_on_curve_var(const rustsecp256k1_v0_11_fe *xn, const rustsecp256k1_v0_11_fe *xd);
[sp1]    cargo:warning=      |            ^~~~~~~~~~~~~~~~~~~~~~~~~~~~~~~~~~~~~~~~~~
[sp1]    cargo:warning=depend/secp256k1/src/group.h:69:12: warning: unused function 'rustsecp256k1_v0_11_ge_is_infinity' [-Wunused-function]
[sp1]    cargo:warning=   69 | static int rustsecp256k1_v0_11_ge_is_infinity(const rustsecp256k1_v0_11_ge *a);
[sp1]    cargo:warning=      |            ^~~~~~~~~~~~~~~~~~~~~~~~~~~~~~~~~~
[sp1]    cargo:warning=depend/secp256k1/src/group.h:72:12: warning: unused function 'rustsecp256k1_v0_11_ge_is_valid_var' [-Wunused-function]
[sp1]    cargo:warning=   72 | static int rustsecp256k1_v0_11_ge_is_valid_var(const rustsecp256k1_v0_11_ge *a);
[sp1]    cargo:warning=      |            ^~~~~~~~~~~~~~~~~~~~~~~~~~~~~~~~~~~
[sp1]    cargo:warning=depend/secp256k1/src/group.h:75:13: warning: unused function 'rustsecp256k1_v0_11_ge_neg' [-Wunused-function]
[sp1]    cargo:warning=   75 | static void rustsecp256k1_v0_11_ge_neg(rustsecp256k1_v0_11_ge *r, const rustsecp256k1_v0_11_ge *a);
[sp1]    cargo:warning=      |             ^~~~~~~~~~~~~~~~~~~~~~~~~~
[sp1]    cargo:warning=depend/secp256k1/src/group.h:78:13: warning: unused function 'rustsecp256k1_v0_11_ge_set_gej' [-Wunused-function]
[sp1]    cargo:warning=   78 | static void rustsecp256k1_v0_11_ge_set_gej(rustsecp256k1_v0_11_ge *r, rustsecp256k1_v0_11_gej *a);
[sp1]    cargo:warning=      |             ^~~~~~~~~~~~~~~~~~~~~~~~~~~~~~
[sp1]    cargo:warning=depend/secp256k1/src/group.h:81:13: warning: unused function 'rustsecp256k1_v0_11_ge_set_gej_var' [-Wunused-function]
[sp1]    cargo:warning=   81 | static void rustsecp256k1_v0_11_ge_set_gej_var(rustsecp256k1_v0_11_ge *r, rustsecp256k1_v0_11_gej *a);
[sp1]    cargo:warning=      |             ^~~~~~~~~~~~~~~~~~~~~~~~~~~~~~~~~~
[sp1]    cargo:warning=depend/secp256k1/src/group.h:84:13: warning: unused function 'rustsecp256k1_v0_11_ge_set_all_gej_var' [-Wunused-function]
[sp1]    cargo:warning=   84 | static void rustsecp256k1_v0_11_ge_set_all_gej_var(rustsecp256k1_v0_11_ge *r, const rustsecp256k1_v0_11_gej *a, size_t len);
[sp1]    cargo:warning=      |             ^~~~~~~~~~~~~~~~~~~~~~~~~~~~~~~~~~~~~~
[sp1]    cargo:warning=depend/secp256k1/src/group.h:103:13: warning: unused function 'rustsecp256k1_v0_11_ge_table_set_globalz' [-Wunused-function]
[sp1]    cargo:warning=  103 | static void rustsecp256k1_v0_11_ge_table_set_globalz(size_t len, rustsecp256k1_v0_11_ge *a, const rustsecp256k1_v0_11_fe *zr);
[sp1]    cargo:warning=      |             ^~~~~~~~~~~~~~~~~~~~~~~~~~~~~~~~~~~~~~~~
[sp1]    cargo:warning=depend/secp256k1/src/group.h:106:12: warning: unused function 'rustsecp256k1_v0_11_ge_eq_var' [-Wunused-function]
[sp1]    cargo:warning=  106 | static int rustsecp256k1_v0_11_ge_eq_var(const rustsecp256k1_v0_11_ge *a, const rustsecp256k1_v0_11_ge *b);
[sp1]    cargo:warning=      |            ^~~~~~~~~~~~~~~~~~~~~~~~~~~~~
[sp1]    cargo:warning=depend/secp256k1/src/group.h:109:13: warning: unused function 'rustsecp256k1_v0_11_ge_set_infinity' [-Wunused-function]
[sp1]    cargo:warning=  109 | static void rustsecp256k1_v0_11_ge_set_infinity(rustsecp256k1_v0_11_ge *r);
[sp1]    cargo:warning=      |             ^~~~~~~~~~~~~~~~~~~~~~~~~~~~~~~~~~~
[sp1]    cargo:warning=depend/secp256k1/src/group.h:112:13: warning: unused function 'rustsecp256k1_v0_11_gej_set_infinity' [-Wunused-function]
[sp1]    cargo:warning=  112 | static void rustsecp256k1_v0_11_gej_set_infinity(rustsecp256k1_v0_11_gej *r);
[sp1]    cargo:warning=      |             ^~~~~~~~~~~~~~~~~~~~~~~~~~~~~~~~~~~~
[sp1]    cargo:warning=depend/secp256k1/src/group.h:115:13: warning: unused function 'rustsecp256k1_v0_11_gej_set_ge' [-Wunused-function]
[sp1]    cargo:warning=  115 | static void rustsecp256k1_v0_11_gej_set_ge(rustsecp256k1_v0_11_gej *r, const rustsecp256k1_v0_11_ge *a);
[sp1]    cargo:warning=      |             ^~~~~~~~~~~~~~~~~~~~~~~~~~~~~~
[sp1]    cargo:warning=depend/secp256k1/src/group.h:118:12: warning: unused function 'rustsecp256k1_v0_11_gej_eq_var' [-Wunused-function]
[sp1]    cargo:warning=  118 | static int rustsecp256k1_v0_11_gej_eq_var(const rustsecp256k1_v0_11_gej *a, const rustsecp256k1_v0_11_gej *b);
[sp1]    cargo:warning=      |            ^~~~~~~~~~~~~~~~~~~~~~~~~~~~~~
[sp1]    cargo:warning=depend/secp256k1/src/group.h:121:12: warning: unused function 'rustsecp256k1_v0_11_gej_eq_ge_var' [-Wunused-function]
[sp1]    cargo:warning=  121 | static int rustsecp256k1_v0_11_gej_eq_ge_var(const rustsecp256k1_v0_11_gej *a, const rustsecp256k1_v0_11_ge *b);
[sp1]    cargo:warning=      |            ^~~~~~~~~~~~~~~~~~~~~~~~~~~~~~~~~
[sp1]    cargo:warning=depend/secp256k1/src/group.h:125:12: warning: unused function 'rustsecp256k1_v0_11_gej_eq_x_var' [-Wunused-function]
[sp1]    cargo:warning=  125 | static int rustsecp256k1_v0_11_gej_eq_x_var(const rustsecp256k1_v0_11_fe *x, const rustsecp256k1_v0_11_gej *a);
[sp1]    cargo:warning=      |            ^~~~~~~~~~~~~~~~~~~~~~~~~~~~~~~~
[sp1]    cargo:warning=depend/secp256k1/src/group.h:128:13: warning: unused function 'rustsecp256k1_v0_11_gej_neg' [-Wunused-function]
[sp1]    cargo:warning=  128 | static void rustsecp256k1_v0_11_gej_neg(rustsecp256k1_v0_11_gej *r, const rustsecp256k1_v0_11_gej *a);
[sp1]    cargo:warning=      |             ^~~~~~~~~~~~~~~~~~~~~~~~~~~
[sp1]    cargo:warning=depend/secp256k1/src/group.h:131:12: warning: unused function 'rustsecp256k1_v0_11_gej_is_infinity' [-Wunused-function]
[sp1]    cargo:warning=  131 | static int rustsecp256k1_v0_11_gej_is_infinity(const rustsecp256k1_v0_11_gej *a);
[sp1]    cargo:warning=      |            ^~~~~~~~~~~~~~~~~~~~~~~~~~~~~~~~~~~
[sp1]    cargo:warning=depend/secp256k1/src/group.h:134:13: warning: unused function 'rustsecp256k1_v0_11_gej_double' [-Wunused-function]
[sp1]    cargo:warning=  134 | static void rustsecp256k1_v0_11_gej_double(rustsecp256k1_v0_11_gej *r, const rustsecp256k1_v0_11_gej *a);
[sp1]    cargo:warning=      |             ^~~~~~~~~~~~~~~~~~~~~~~~~~~~~~
[sp1]    cargo:warning=depend/secp256k1/src/group.h:137:13: warning: unused function 'rustsecp256k1_v0_11_gej_double_var' [-Wunused-function]
[sp1]    cargo:warning=  137 | static void rustsecp256k1_v0_11_gej_double_var(rustsecp256k1_v0_11_gej *r, const rustsecp256k1_v0_11_gej *a, rustsecp256k1_v0_11_fe *rzr);
[sp1]    cargo:warning=      |             ^~~~~~~~~~~~~~~~~~~~~~~~~~~~~~~~~~
[sp1]    cargo:warning=depend/secp256k1/src/group.h:140:13: warning: unused function 'rustsecp256k1_v0_11_gej_add_var' [-Wunused-function]
[sp1]    cargo:warning=  140 | static void rustsecp256k1_v0_11_gej_add_var(rustsecp256k1_v0_11_gej *r, const rustsecp256k1_v0_11_gej *a, const rustsecp256k1_v0_11_gej *b, rustsecp256k1_v0_11_fe *rzr);
[sp1]    cargo:warning=      |             ^~~~~~~~~~~~~~~~~~~~~~~~~~~~~~~
[sp1]    cargo:warning=depend/secp256k1/src/group.h:143:13: warning: unused function 'rustsecp256k1_v0_11_gej_add_ge' [-Wunused-function]
[sp1]    cargo:warning=  143 | static void rustsecp256k1_v0_11_gej_add_ge(rustsecp256k1_v0_11_gej *r, const rustsecp256k1_v0_11_gej *a, const rustsecp256k1_v0_11_ge *b);
[sp1]    cargo:warning=      |             ^~~~~~~~~~~~~~~~~~~~~~~~~~~~~~
[sp1]    cargo:warning=depend/secp256k1/src/group.h:148:13: warning: unused function 'rustsecp256k1_v0_11_gej_add_ge_var' [-Wunused-function]
[sp1]    cargo:warning=  148 | static void rustsecp256k1_v0_11_gej_add_ge_var(rustsecp256k1_v0_11_gej *r, const rustsecp256k1_v0_11_gej *a, const rustsecp256k1_v0_11_ge *b, rustsecp256k1_v0_11_fe *rzr);
[sp1]    cargo:warning=      |             ^~~~~~~~~~~~~~~~~~~~~~~~~~~~~~~~~~
[sp1]    cargo:warning=depend/secp256k1/src/group.h:151:13: warning: unused function 'rustsecp256k1_v0_11_gej_add_zinv_var' [-Wunused-function]
[sp1]    cargo:warning=  151 | static void rustsecp256k1_v0_11_gej_add_zinv_var(rustsecp256k1_v0_11_gej *r, const rustsecp256k1_v0_11_gej *a, const rustsecp256k1_v0_11_ge *b, const rustsecp256k1_v0_11_fe *bzinv);
[sp1]    cargo:warning=      |             ^~~~~~~~~~~~~~~~~~~~~~~~~~~~~~~~~~~~
[sp1]    cargo:warning=depend/secp256k1/src/group.h:154:13: warning: unused function 'rustsecp256k1_v0_11_ge_mul_lambda' [-Wunused-function]
[sp1]    cargo:warning=  154 | static void rustsecp256k1_v0_11_ge_mul_lambda(rustsecp256k1_v0_11_ge *r, const rustsecp256k1_v0_11_ge *a);
[sp1]    cargo:warning=      |             ^~~~~~~~~~~~~~~~~~~~~~~~~~~~~~~~~
[sp1]    cargo:warning=depend/secp256k1/src/group.h:157:13: warning: unused function 'rustsecp256k1_v0_11_gej_clear' [-Wunused-function]
[sp1]    cargo:warning=  157 | static void rustsecp256k1_v0_11_gej_clear(rustsecp256k1_v0_11_gej *r);
[sp1]    cargo:warning=      |             ^~~~~~~~~~~~~~~~~~~~~~~~~~~~~
[sp1]    cargo:warning=depend/secp256k1/src/group.h:160:13: warning: unused function 'rustsecp256k1_v0_11_ge_clear' [-Wunused-function]
[sp1]    cargo:warning=  160 | static void rustsecp256k1_v0_11_ge_clear(rustsecp256k1_v0_11_ge *r);
[sp1]    cargo:warning=      |             ^~~~~~~~~~~~~~~~~~~~~~~~~~~~
[sp1]    cargo:warning=depend/secp256k1/src/group.h:163:13: warning: unused function 'rustsecp256k1_v0_11_ge_to_storage' [-Wunused-function]
[sp1]    cargo:warning=  163 | static void rustsecp256k1_v0_11_ge_to_storage(rustsecp256k1_v0_11_ge_storage *r, const rustsecp256k1_v0_11_ge *a);
[sp1]    cargo:warning=      |             ^~~~~~~~~~~~~~~~~~~~~~~~~~~~~~~~~
[sp1]    cargo:warning=depend/secp256k1/src/group.h:166:13: warning: unused function 'rustsecp256k1_v0_11_ge_from_storage' [-Wunused-function]
[sp1]    cargo:warning=  166 | static void rustsecp256k1_v0_11_ge_from_storage(rustsecp256k1_v0_11_ge *r, const rustsecp256k1_v0_11_ge_storage *a);
[sp1]    cargo:warning=      |             ^~~~~~~~~~~~~~~~~~~~~~~~~~~~~~~~~~~
[sp1]    cargo:warning=depend/secp256k1/src/group.h:169:13: warning: unused function 'rustsecp256k1_v0_11_gej_cmov' [-Wunused-function]
[sp1]    cargo:warning=  169 | static void rustsecp256k1_v0_11_gej_cmov(rustsecp256k1_v0_11_gej *r, const rustsecp256k1_v0_11_gej *a, int flag);
[sp1]    cargo:warning=      |             ^~~~~~~~~~~~~~~~~~~~~~~~~~~~
[sp1]    cargo:warning=depend/secp256k1/src/group.h:172:13: warning: unused function 'rustsecp256k1_v0_11_ge_storage_cmov' [-Wunused-function]
[sp1]    cargo:warning=  172 | static void rustsecp256k1_v0_11_ge_storage_cmov(rustsecp256k1_v0_11_ge_storage *r, const rustsecp256k1_v0_11_ge_storage *a, int flag);
[sp1]    cargo:warning=      |             ^~~~~~~~~~~~~~~~~~~~~~~~~~~~~~~~~~~
[sp1]    cargo:warning=depend/secp256k1/src/group.h:175:13: warning: unused function 'rustsecp256k1_v0_11_gej_rescale' [-Wunused-function]
[sp1]    cargo:warning=  175 | static void rustsecp256k1_v0_11_gej_rescale(rustsecp256k1_v0_11_gej *r, const rustsecp256k1_v0_11_fe *b);
[sp1]    cargo:warning=      |             ^~~~~~~~~~~~~~~~~~~~~~~~~~~~~~~
[sp1]    cargo:warning=depend/secp256k1/src/group.h:179:13: warning: unused function 'rustsecp256k1_v0_11_ge_to_bytes' [-Wunused-function]
[sp1]    cargo:warning=  179 | static void rustsecp256k1_v0_11_ge_to_bytes(unsigned char *buf, const rustsecp256k1_v0_11_ge *a);
[sp1]    cargo:warning=      |             ^~~~~~~~~~~~~~~~~~~~~~~~~~~~~~~
[sp1]    cargo:warning=depend/secp256k1/src/group.h:183:13: warning: unused function 'rustsecp256k1_v0_11_ge_from_bytes' [-Wunused-function]
[sp1]    cargo:warning=  183 | static void rustsecp256k1_v0_11_ge_from_bytes(rustsecp256k1_v0_11_ge *r, const unsigned char *buf);
[sp1]    cargo:warning=      |             ^~~~~~~~~~~~~~~~~~~~~~~~~~~~~~~~~
[sp1]    cargo:warning=depend/secp256k1/src/group.h:187:13: warning: unused function 'rustsecp256k1_v0_11_ge_to_bytes_ext' [-Wunused-function]
[sp1]    cargo:warning=  187 | static void rustsecp256k1_v0_11_ge_to_bytes_ext(unsigned char *data, const rustsecp256k1_v0_11_ge *ge);
[sp1]    cargo:warning=      |             ^~~~~~~~~~~~~~~~~~~~~~~~~~~~~~~~~~~
[sp1]    cargo:warning=depend/secp256k1/src/group.h:191:13: warning: unused function 'rustsecp256k1_v0_11_ge_from_bytes_ext' [-Wunused-function]
[sp1]    cargo:warning=  191 | static void rustsecp256k1_v0_11_ge_from_bytes_ext(rustsecp256k1_v0_11_ge *ge, const unsigned char *data);
[sp1]    cargo:warning=      |             ^~~~~~~~~~~~~~~~~~~~~~~~~~~~~~~~~~~~~
[sp1]    cargo:warning=depend/secp256k1/src/group.h:202:12: warning: unused function 'rustsecp256k1_v0_11_ge_is_in_correct_subgroup' [-Wunused-function]
[sp1]    cargo:warning=  202 | static int rustsecp256k1_v0_11_ge_is_in_correct_subgroup(const rustsecp256k1_v0_11_ge* ge);
[sp1]    cargo:warning=      |            ^~~~~~~~~~~~~~~~~~~~~~~~~~~~~~~~~~~~~~~~~~~~~
[sp1]    cargo:warning=depend/secp256k1/src/group.h:205:13: warning: unused function 'rustsecp256k1_v0_11_ge_verify' [-Wunused-function]
[sp1]    cargo:warning=  205 | static void rustsecp256k1_v0_11_ge_verify(const rustsecp256k1_v0_11_ge *a);
[sp1]    cargo:warning=      |             ^~~~~~~~~~~~~~~~~~~~~~~~~~~~~
[sp1]    cargo:warning=depend/secp256k1/src/group.h:209:13: warning: unused function 'rustsecp256k1_v0_11_gej_verify' [-Wunused-function]
[sp1]    cargo:warning=  209 | static void rustsecp256k1_v0_11_gej_verify(const rustsecp256k1_v0_11_gej *a);
[sp1]    cargo:warning=      |             ^~~~~~~~~~~~~~~~~~~~~~~~~~~~~~
[sp1]    cargo:warning=In file included from depend/secp256k1/src/precomputed_ecmult.c:6:
[sp1]    cargo:warning=In file included from depend/secp256k1/src/ecmult.h:11:
[sp1]    cargo:warning=depend/secp256k1/src/scalar.h:23:13: warning: unused function 'rustsecp256k1_v0_11_scalar_clear' [-Wunused-function]
[sp1]    cargo:warning=   23 | static void rustsecp256k1_v0_11_scalar_clear(rustsecp256k1_v0_11_scalar *r);
[sp1]    cargo:warning=      |             ^~~~~~~~~~~~~~~~~~~~~~~~~~~~~~~~
[sp1]    cargo:warning=depend/secp256k1/src/scalar.h:26:17: warning: unused function 'rustsecp256k1_v0_11_scalar_get_bits_limb32' [-Wunused-function]
[sp1]    cargo:warning=   26 | static uint32_t rustsecp256k1_v0_11_scalar_get_bits_limb32(const rustsecp256k1_v0_11_scalar *a, unsigned int offset, unsigned int count);
[sp1]    cargo:warning=      |                 ^~~~~~~~~~~~~~~~~~~~~~~~~~~~~~~~~~~~~~~~~~
[sp1]    cargo:warning=depend/secp256k1/src/scalar.h:29:17: warning: unused function 'rustsecp256k1_v0_11_scalar_get_bits_var' [-Wunused-function]
[sp1]    cargo:warning=   29 | static uint32_t rustsecp256k1_v0_11_scalar_get_bits_var(const rustsecp256k1_v0_11_scalar *a, unsigned int offset, unsigned int count);
[sp1]    cargo:warning=      |                 ^~~~~~~~~~~~~~~~~~~~~~~~~~~~~~~~~~~~~~~
[sp1]    cargo:warning=depend/secp256k1/src/scalar.h:36:13: warning: unused function 'rustsecp256k1_v0_11_scalar_set_b32' [-Wunused-function]
[sp1]    cargo:warning=   36 | static void rustsecp256k1_v0_11_scalar_set_b32(rustsecp256k1_v0_11_scalar *r, const unsigned char *bin, int *overflow);
[sp1]    cargo:warning=      |             ^~~~~~~~~~~~~~~~~~~~~~~~~~~~~~~~~~
[sp1]    cargo:warning=depend/secp256k1/src/scalar.h:40:12: warning: unused function 'rustsecp256k1_v0_11_scalar_set_b32_seckey' [-Wunused-function]
[sp1]    cargo:warning=   40 | static int rustsecp256k1_v0_11_scalar_set_b32_seckey(rustsecp256k1_v0_11_scalar *r, const unsigned char *bin);
[sp1]    cargo:warning=      |            ^~~~~~~~~~~~~~~~~~~~~~~~~~~~~~~~~~~~~~~~~
[sp1]    cargo:warning=depend/secp256k1/src/scalar.h:43:13: warning: unused function 'rustsecp256k1_v0_11_scalar_set_int' [-Wunused-function]
[sp1]    cargo:warning=   43 | static void rustsecp256k1_v0_11_scalar_set_int(rustsecp256k1_v0_11_scalar *r, unsigned int v);
[sp1]    cargo:warning=      |             ^~~~~~~~~~~~~~~~~~~~~~~~~~~~~~~~~~
[sp1]    cargo:warning=depend/secp256k1/src/scalar.h:46:13: warning: unused function 'rustsecp256k1_v0_11_scalar_get_b32' [-Wunused-function]
[sp1]    cargo:warning=   46 | static void rustsecp256k1_v0_11_scalar_get_b32(unsigned char *bin, const rustsecp256k1_v0_11_scalar* a);
[sp1]    cargo:warning=      |             ^~~~~~~~~~~~~~~~~~~~~~~~~~~~~~~~~~
[sp1]    cargo:warning=depend/secp256k1/src/scalar.h:49:12: warning: unused function 'rustsecp256k1_v0_11_scalar_add' [-Wunused-function]
[sp1]    cargo:warning=   49 | static int rustsecp256k1_v0_11_scalar_add(rustsecp256k1_v0_11_scalar *r, const rustsecp256k1_v0_11_scalar *a, const rustsecp256k1_v0_11_scalar *b);
[sp1]    cargo:warning=      |            ^~~~~~~~~~~~~~~~~~~~~~~~~~~~~~
[sp1]    cargo:warning=depend/secp256k1/src/scalar.h:52:13: warning: unused function 'rustsecp256k1_v0_11_scalar_cadd_bit' [-Wunused-function]
[sp1]    cargo:warning=   52 | static void rustsecp256k1_v0_11_scalar_cadd_bit(rustsecp256k1_v0_11_scalar *r, unsigned int bit, int flag);
[sp1]    cargo:warning=      |             ^~~~~~~~~~~~~~~~~~~~~~~~~~~~~~~~~~~
[sp1]    cargo:warning=depend/secp256k1/src/scalar.h:55:13: warning: unused function 'rustsecp256k1_v0_11_scalar_mul' [-Wunused-function]
[sp1]    cargo:warning=   55 | static void rustsecp256k1_v0_11_scalar_mul(rustsecp256k1_v0_11_scalar *r, const rustsecp256k1_v0_11_scalar *a, const rustsecp256k1_v0_11_scalar *b);
[sp1]    cargo:warning=      |             ^~~~~~~~~~~~~~~~~~~~~~~~~~~~~~
[sp1]    cargo:warning=depend/secp256k1/src/scalar.h:58:13: warning: unused function 'rustsecp256k1_v0_11_scalar_inverse' [-Wunused-function]
[sp1]    cargo:warning=   58 | static void rustsecp256k1_v0_11_scalar_inverse(rustsecp256k1_v0_11_scalar *r, const rustsecp256k1_v0_11_scalar *a);
[sp1]    cargo:warning=      |             ^~~~~~~~~~~~~~~~~~~~~~~~~~~~~~~~~~
[sp1]    cargo:warning=depend/secp256k1/src/scalar.h:61:13: warning: unused function 'rustsecp256k1_v0_11_scalar_inverse_var' [-Wunused-function]
[sp1]    cargo:warning=   61 | static void rustsecp256k1_v0_11_scalar_inverse_var(rustsecp256k1_v0_11_scalar *r, const rustsecp256k1_v0_11_scalar *a);
[sp1]    cargo:warning=      |             ^~~~~~~~~~~~~~~~~~~~~~~~~~~~~~~~~~~~~~
[sp1]    cargo:warning=depend/secp256k1/src/scalar.h:64:13: warning: unused function 'rustsecp256k1_v0_11_scalar_negate' [-Wunused-function]
[sp1]    cargo:warning=   64 | static void rustsecp256k1_v0_11_scalar_negate(rustsecp256k1_v0_11_scalar *r, const rustsecp256k1_v0_11_scalar *a);
[sp1]    cargo:warning=      |             ^~~~~~~~~~~~~~~~~~~~~~~~~~~~~~~~~
[sp1]    cargo:warning=depend/secp256k1/src/scalar.h:67:13: warning: unused function 'rustsecp256k1_v0_11_scalar_half' [-Wunused-function]
[sp1]    cargo:warning=   67 | static void rustsecp256k1_v0_11_scalar_half(rustsecp256k1_v0_11_scalar *r, const rustsecp256k1_v0_11_scalar *a);
[sp1]    cargo:warning=      |             ^~~~~~~~~~~~~~~~~~~~~~~~~~~~~~~
[sp1]    cargo:warning=depend/secp256k1/src/scalar.h:70:12: warning: unused function 'rustsecp256k1_v0_11_scalar_is_zero' [-Wunused-function]
[sp1]    cargo:warning=   70 | static int rustsecp256k1_v0_11_scalar_is_zero(const rustsecp256k1_v0_11_scalar *a);
[sp1]    cargo:warning=      |            ^~~~~~~~~~~~~~~~~~~~~~~~~~~~~~~~~~
[sp1]    cargo:warning=depend/secp256k1/src/scalar.h:73:12: warning: unused function 'rustsecp256k1_v0_11_scalar_is_one' [-Wunused-function]
[sp1]    cargo:warning=   73 | static int rustsecp256k1_v0_11_scalar_is_one(const rustsecp256k1_v0_11_scalar *a);
[sp1]    cargo:warning=      |            ^~~~~~~~~~~~~~~~~~~~~~~~~~~~~~~~~
[sp1]    cargo:warning=depend/secp256k1/src/scalar.h:76:12: warning: unused function 'rustsecp256k1_v0_11_scalar_is_even' [-Wunused-function]
[sp1]    cargo:warning=   76 | static int rustsecp256k1_v0_11_scalar_is_even(const rustsecp256k1_v0_11_scalar *a);
[sp1]    cargo:warning=      |            ^~~~~~~~~~~~~~~~~~~~~~~~~~~~~~~~~~
[sp1]    cargo:warning=depend/secp256k1/src/scalar.h:79:12: warning: unused function 'rustsecp256k1_v0_11_scalar_is_high' [-Wunused-function]
[sp1]    cargo:warning=   79 | static int rustsecp256k1_v0_11_scalar_is_high(const rustsecp256k1_v0_11_scalar *a);
[sp1]    cargo:warning=      |            ^~~~~~~~~~~~~~~~~~~~~~~~~~~~~~~~~~
[sp1]    cargo:warning=depend/secp256k1/src/scalar.h:83:12: warning: unused function 'rustsecp256k1_v0_11_scalar_cond_negate' [-Wunused-function]
[sp1]    cargo:warning=   83 | static int rustsecp256k1_v0_11_scalar_cond_negate(rustsecp256k1_v0_11_scalar *a, int flag);
[sp1]    cargo:warning=      |            ^~~~~~~~~~~~~~~~~~~~~~~~~~~~~~~~~~~~~~
[sp1]    cargo:warning=depend/secp256k1/src/scalar.h:86:12: warning: unused function 'rustsecp256k1_v0_11_scalar_eq' [-Wunused-function]
[sp1]    cargo:warning=   86 | static int rustsecp256k1_v0_11_scalar_eq(const rustsecp256k1_v0_11_scalar *a, const rustsecp256k1_v0_11_scalar *b);
[sp1]    cargo:warning=      |            ^~~~~~~~~~~~~~~~~~~~~~~~~~~~~
[sp1]    cargo:warning=depend/secp256k1/src/scalar.h:89:13: warning: unused function 'rustsecp256k1_v0_11_scalar_split_128' [-Wunused-function]
[sp1]    cargo:warning=   89 | static void rustsecp256k1_v0_11_scalar_split_128(rustsecp256k1_v0_11_scalar *r1, rustsecp256k1_v0_11_scalar *r2, const rustsecp256k1_v0_11_scalar *k);
[sp1]    cargo:warning=      |             ^~~~~~~~~~~~~~~~~~~~~~~~~~~~~~~~~~~~
[sp1]    cargo:warning=depend/secp256k1/src/scalar.h:93:13: warning: unused function 'rustsecp256k1_v0_11_scalar_split_lambda' [-Wunused-function]
[sp1]    cargo:warning=   93 | static void rustsecp256k1_v0_11_scalar_split_lambda(rustsecp256k1_v0_11_scalar * SECP256K1_RESTRICT r1, rustsecp256k1_v0_11_scalar * SECP256K1_RESTRICT r2, const rustsecp256k1_v0_11_scalar * SECP256K1_RESTRICT k);
[sp1]    cargo:warning=      |             ^~~~~~~~~~~~~~~~~~~~~~~~~~~~~~~~~~~~~~~
[sp1]    cargo:warning=depend/secp256k1/src/scalar.h:96:13: warning: unused function 'rustsecp256k1_v0_11_scalar_mul_shift_var' [-Wunused-function]
[sp1]    cargo:warning=   96 | static void rustsecp256k1_v0_11_scalar_mul_shift_var(rustsecp256k1_v0_11_scalar *r, const rustsecp256k1_v0_11_scalar *a, const rustsecp256k1_v0_11_scalar *b, unsigned int shift);
[sp1]    cargo:warning=      |             ^~~~~~~~~~~~~~~~~~~~~~~~~~~~~~~~~~~~~~~~
[sp1]    cargo:warning=depend/secp256k1/src/scalar.h:99:13: warning: unused function 'rustsecp256k1_v0_11_scalar_cmov' [-Wunused-function]
[sp1]    cargo:warning=   99 | static void rustsecp256k1_v0_11_scalar_cmov(rustsecp256k1_v0_11_scalar *r, const rustsecp256k1_v0_11_scalar *a, int flag);
[sp1]    cargo:warning=      |             ^~~~~~~~~~~~~~~~~~~~~~~~~~~~~~~
[sp1]    cargo:warning=depend/secp256k1/src/scalar.h:102:13: warning: unused function 'rustsecp256k1_v0_11_scalar_verify' [-Wunused-function]
[sp1]    cargo:warning=  102 | static void rustsecp256k1_v0_11_scalar_verify(const rustsecp256k1_v0_11_scalar *r);
[sp1]    cargo:warning=      |             ^~~~~~~~~~~~~~~~~~~~~~~~~~~~~~~~~
[sp1]    cargo:warning=In file included from depend/secp256k1/src/precomputed_ecmult.c:6:
[sp1]    cargo:warning=In file included from depend/secp256k1/src/ecmult.h:12:
[sp1]    cargo:warning=depend/secp256k1/src/scratch.h:28:15: warning: unused function 'rustsecp256k1_v0_11_scratch_checkpoint' [-Wunused-function]
[sp1]    cargo:warning=   28 | static size_t rustsecp256k1_v0_11_scratch_checkpoint(const rustsecp256k1_v0_11_callback* error_callback, const rustsecp256k1_v0_11_scratch* scratch);
[sp1]    cargo:warning=      |               ^~~~~~~~~~~~~~~~~~~~~~~~~~~~~~~~~~~~~~
[sp1]    cargo:warning=depend/secp256k1/src/scratch.h:32:13: warning: unused function 'rustsecp256k1_v0_11_scratch_apply_checkpoint' [-Wunused-function]
[sp1]    cargo:warning=   32 | static void rustsecp256k1_v0_11_scratch_apply_checkpoint(const rustsecp256k1_v0_11_callback* error_callback, rustsecp256k1_v0_11_scratch* scratch, size_t checkpoint);
[sp1]    cargo:warning=      |             ^~~~~~~~~~~~~~~~~~~~~~~~~~~~~~~~~~~~~~~~~~~~
[sp1]    cargo:warning=depend/secp256k1/src/scratch.h:35:15: warning: unused function 'rustsecp256k1_v0_11_scratch_max_allocation' [-Wunused-function]
[sp1]    cargo:warning=   35 | static size_t rustsecp256k1_v0_11_scratch_max_allocation(const rustsecp256k1_v0_11_callback* error_callback, const rustsecp256k1_v0_11_scratch* scratch, size_t n_objects);
[sp1]    cargo:warning=      |               ^~~~~~~~~~~~~~~~~~~~~~~~~~~~~~~~~~~~~~~~~~
[sp1]    cargo:warning=depend/secp256k1/src/scratch.h:38:14: warning: unused function 'rustsecp256k1_v0_11_scratch_alloc' [-Wunused-function]
[sp1]    cargo:warning=   38 | static void *rustsecp256k1_v0_11_scratch_alloc(const rustsecp256k1_v0_11_callback* error_callback, rustsecp256k1_v0_11_scratch* scratch, size_t n);
[sp1]    cargo:warning=      |              ^~~~~~~~~~~~~~~~~~~~~~~~~~~~~~~~~
[sp1]    cargo:warning=In file included from depend/secp256k1/src/precomputed_ecmult.c:6:
[sp1]    cargo:warning=depend/secp256k1/src/ecmult.h:44:13: warning: unused function 'rustsecp256k1_v0_11_ecmult' [-Wunused-function]
[sp1]    cargo:warning=   44 | static void rustsecp256k1_v0_11_ecmult(rustsecp256k1_v0_11_gej *r, const rustsecp256k1_v0_11_gej *a, const rustsecp256k1_v0_11_scalar *na, const rustsecp256k1_v0_11_scalar *ng);
[sp1]    cargo:warning=      |             ^~~~~~~~~~~~~~~~~~~~~~~~~~
[sp1]    cargo:warning=depend/secp256k1/src/ecmult.h:59:12: warning: unused function 'rustsecp256k1_v0_11_ecmult_multi_var' [-Wunused-function]
[sp1]    cargo:warning=   59 | static int rustsecp256k1_v0_11_ecmult_multi_var(const rustsecp256k1_v0_11_callback* error_callback, rustsecp256k1_v0_11_scratch *scratch, rustsecp256k1_v0_11_gej *r, const rustsecp256k1_v0_11_scalar *inp_g_sc, rustsecp256k1_v0_11_ecmult_multi_callback cb, void *cbdata, size_t n);
[sp1]    cargo:warning=      |            ^~~~~~~~~~~~~~~~~~~~~~~~~~~~~~~~~~~~
[sp1]    cargo:warning=error: unable to create target: 'No available targets are compatible with triple "riscv64-succinct-zkvm"'
[sp1]    cargo:warning=104 warnings and 1 error generated.
[sp1]  
[sp1]    exit status: 1
[sp1]    cargo:warning=ToolExecError: command did not execute successfully (status code exit status: 1): LC_ALL="C" "cc" "-O3" "-ffunction-sections" "-fdata-sections" "-fPIC" "--target=riscv64-succinct-zkvm" "-I" "depend/secp256k1/" "-I" "depend/secp256k1/include" "-I" "depend/secp256k1/src" "-I" "wasm/wasm-sysroot" "-Wall" "-Wextra" "-DSECP256K1_API=" "-DENABLE_MODULE_ECDH=1" "-DENABLE_MODULE_SCHNORRSIG=1" "-DENABLE_MODULE_EXTRAKEYS=1" "-DENABLE_MODULE_ELLSWIFT=1" "-Dprintf(...)=" "-DECMULT_GEN_PREC_BITS=4" "-DECMULT_WINDOW_SIZE=15" "-DUSE_EXTERNAL_DEFAULT_CALLBACKS=1" "-DENABLE_MODULE_RECOVERY=1" "-o" "/Users/hiroyusai/src/sworn/spikes/zone-spf/guest/target/elf-compilation/riscv64im-succinct-zkvm-elf/release/build/secp256k1-sys-6abf63b1e0cc63bc/out/fce6141bfa9bf74c-precomputed_ecmult.o" "-c" "depend/secp256k1/src/precomputed_ecmult.c"
[sp1]  
[sp1]    --- stderr
[sp1]  
[sp1]  
[sp1]    error occurred in cc-rs: command did not execute successfully (status code exit status: 1): LC_ALL="C" "cc" "-O3" "-ffunction-sections" "-fdata-sections" "-fPIC" "--target=riscv64-succinct-zkvm" "-I" "depend/secp256k1/" "-I" "depend/secp256k1/include" "-I" "depend/secp256k1/src" "-I" "wasm/wasm-sysroot" "-Wall" "-Wextra" "-DSECP256K1_API=" "-DENABLE_MODULE_ECDH=1" "-DENABLE_MODULE_SCHNORRSIG=1" "-DENABLE_MODULE_EXTRAKEYS=1" "-DENABLE_MODULE_ELLSWIFT=1" "-Dprintf(...)=" "-DECMULT_GEN_PREC_BITS=4" "-DECMULT_WINDOW_SIZE=15" "-DUSE_EXTERNAL_DEFAULT_CALLBACKS=1" "-DENABLE_MODULE_RECOVERY=1" "-o" "/Users/hiroyusai/src/sworn/spikes/zone-spf/guest/target/elf-compilation/riscv64im-succinct-zkvm-elf/release/build/secp256k1-sys-6abf63b1e0cc63bc/out/fce6141bfa9bf74c-precomputed_ecmult.o" "-c" "depend/secp256k1/src/precomputed_ecmult.c"
[sp1]  
[sp1]  
~/.sp1/bin/cargo-prove prove build --ignore-rust-version  53.24s user 10.37s system 218% cpu 29.069 total
EXIT 101
